Existence of initiatives and projects in the past five years to improve the tourism sector - exists,Existence of cafes - does not exist,Tourism Index,Existence of touristic attractions that can be expolited and developed - does not exist,Existence of touristic attractions prone to be exploited and developed - exists,Total number of hotels,Town,Total number of cafes,Existence of hotels - does not exist,Existence of restaurants - does not exist,Existence of cafes - exists,Existence of hotels - exists,Ref area,Total number of restaurants,publisher,Existence of guest houses - exists,Existence of guest houses - does not exist,Existence of restaurants - exists
0,0,3,1,0,0, Bireh,1,1,1,1,0,Mount_Lebanon_Governorate,0,Impact Open Data,0,1,0
0,0,0,0,0,0,A'ain El-Mir (El Establ),0,0,0,0,0,South_Governorate,0,Impact Open Data,0,0,0
0,1,0,1,0,0,AAridet Cheikh Zennad,0,1,1,0,0,Akkar_Governorate,0,Impact Open Data,0,1,0
0,1,0,1,0,0,Aaba,0,1,1,0,0,North_Governorate,0,Impact Open Data,0,1,0
0,1,3,0,1,1,Aabadiyeh,0,0,1,0,1,Baabda_District,0,Impact Open Data,0,1,0
0,1,3,1,0,0,Aabaydat,0,1,0,0,0,Byblos_District,1,Impact Open Data,0,1,1
0,0,0,0,0,0,Aabba,0,0,0,0,0,Nabatieh_Governorate,0,Impact Open Data,0,0,0
1,0,10,1,0,4,Aabbesiyyi,25,0,0,1,1,Tyre_District,30,Impact Open Data,1,0,1
0,0,3,1,0,0,Aabdine,2,1,1,1,0,Bsharri_District,0,Impact Open Data,0,1,0
0,1,3,1,0,0,Aabra Saida,0,1,0,0,0,Sidon_District,2,Impact Open Data,0,1,1
0,0,4,1,0,0,Aabrine,2,1,1,1,0,Batroun_District,0,Impact Open Data,1,0,0
0,0,3,1,0,0,Aachach,2,1,1,1,0,Zgharta_District,0,Impact Open Data,0,1,0
0,0,3,0,0,0,Aachqout,0,0,0,0,0,Keserwan_District,10,Impact Open Data,0,0,1
0,0,3,1,0,0,Aadaysseh Marjaayoun,10,1,1,1,0,Marjeyoun_District,0,Impact Open Data,0,1,0
0,0,0,0,0,0,Aadchit Ech-Chqif,0,0,0,0,0,Nabatieh_Governorate,0,Impact Open Data,0,0,0
0,1,0,1,0,0,Aadchit El-Qoussair,0,1,1,0,0,Marjeyoun_District,0,Impact Open Data,0,1,0
0,1,3,0,0,0,Aadloun,0,1,0,0,0,Sidon_District,3,Impact Open Data,0,1,1
0,1,0,1,0,0,Aadoussiyeh,0,1,1,0,0,Sidon_District,0,Impact Open Data,0,1,0
0,0,10,1,0,1,Aafsdiq,1,0,0,1,1,North_Governorate,2,Impact Open Data,1,0,1
0,1,0,1,0,0,Aain Aanoub,0,1,1,0,0,Aley_District,0,Impact Open Data,0,1,0
1,1,0,0,1,0,Aain Aarab Rachaya,0,1,1,0,0,Beqaa_Governorate,0,Impact Open Data,0,1,0
0,0,3,1,0,0,Aain Aata,2,1,1,1,0,Beqaa_Governorate,0,Impact Open Data,0,1,0
0,0,0,0,0,0,Aain Dara,0,0,0,0,0,Aley_District,0,Impact Open Data,0,0,0
1,0,6,1,0,0,Aain Drafil,1,1,0,1,0,Aley_District,1,Impact Open Data,0,1,1
0,1,0,0,1,0,Aain Ed-Delb,0,1,1,0,0,Sidon_District,0,Impact Open Data,0,1,0
0,1,0,1,0,0,Aain Ed-Delbe,0,1,1,0,0,Byblos_District,0,Impact Open Data,0,1,0
0,1,3,1,0,0,Aain Ej-Jdideh Aaley,0,1,0,0,0,Aley_District,2,Impact Open Data,0,1,1
0,1,6,1,0,2,Aain El Saydeh,0,0,0,0,1,Aley_District,1,Impact Open Data,0,1,1
0,1,0,0,1,0,Aain El-Ghouaybeh,0,1,1,0,0,Byblos_District,0,Impact Open Data,0,1,0
0,0,6,-1,1,0,Aain El-Kharroubeh,3,1,0,1,0,Matn_District,5,Impact Open Data,0,1,1
0,1,0,1,0,0,Aain El-Qabu,0,1,1,0,0,Matn_District,0,Impact Open Data,0,1,0
0,0,0,0,0,0,Aain Er-Rihane,0,0,0,0,0,Keserwan_District,0,Impact Open Data,0,0,0
0,0,9,0,1,1,Aain Er-Roummaneh Aaley,2,0,0,1,1,Aley_District,2,Impact Open Data,0,1,1
1,0,9,0,1,2,Aain Es-Sindiane,1,0,0,1,1,Matn_District,5,Impact Open Data,0,1,1
0,1,0,1,0,0,Aain Et-Teffaha,0,1,1,0,0,Matn_District,0,Impact Open Data,0,1,0
0,0,3,1,0,0,Aain Et-Tineh-Miniyeh,1,1,1,1,0,MiniyehâDanniyeh_District,0,Impact Open Data,0,1,0
0,0,3,1,0,0,Aain Ez-Zeit,3,1,1,1,0,Akkar_Governorate,0,Impact Open Data,0,1,0
0,1,3,1,0,1,Aain Ez-Zeitouneh,0,0,1,0,1,Matn_District,0,Impact Open Data,0,1,0
0,1,0,1,0,0,Aain Fraidis,0,1,1,0,0,Aley_District,0,Impact Open Data,0,1,0
0,1,0,1,0,0,Aain Harsha,0,1,1,0,0,Beqaa_Governorate,0,Impact Open Data,0,1,0
1,0,10,0,1,1,Aain Ibl,5,0,0,1,1,Bint_Jbeil_District,6,Impact Open Data,1,0,1
0,1,3,1,0,0,Aain Jarfa,0,1,0,0,0,Hasbaya_District,1,Impact Open Data,0,1,1
0,1,0,0,1,0,Aain Jrain,0,1,1,0,0,Byblos_District,0,Impact Open Data,0,1,0
0,1,0,1,0,0,Aain Kfaa,0,1,1,0,0,Byblos_District,0,Impact Open Data,0,1,0
0,1,3,1,0,0,Aain Kfar Zabad,0,1,0,0,0,ZahlÃ©_District,2,Impact Open Data,0,1,1
0,1,0,1,0,0,Aain Ksour,0,1,1,0,0,Aley_District,0,Impact Open Data,0,1,0
0,1,0,1,0,0,Aain Mouaffaq,0,1,1,0,0,Baabda_District,0,Impact Open Data,0,1,0
0,1,3,1,0,0,Aain Ouzain,0,1,0,0,0,Mount_Lebanon_Governorate,1,Impact Open Data,0,1,1
0,0,0,0,0,0,Aain Qana,0,0,0,0,0,Nabatieh_Governorate,0,Impact Open Data,0,0,0
0,1,0,1,0,0,Aain Qania,0,1,1,0,0,Mount_Lebanon_Governorate,0,Impact Open Data,0,1,0
0,1,0,1,0,0,Aain Qinia,0,1,1,0,0,Hasbaya_District,0,Impact Open Data,0,1,0
0,0,0,1,0,0,Aain Saadeh,0,0,0,0,0,Matn_District,0,Impact Open Data,0,0,0
0,0,3,1,0,0,Aain Tinta,1,1,1,1,0,Akkar_Governorate,0,Impact Open Data,0,1,0
0,1,0,0,1,0,Aain Traz,0,1,1,0,0,Aley_District,0,Impact Open Data,0,1,0
0,1,0,0,1,0,Aain Yaaqoub,0,1,1,0,0,Akkar_Governorate,0,Impact Open Data,0,1,0
0,0,10,0,1,2,Aain Zebdeh,4,0,0,1,1,Western_Beqaa_District,6,Impact Open Data,1,0,1
0,0,10,0,1,2,Aain Zhalta,2,0,0,1,1,Mount_Lebanon_Governorate,6,Impact Open Data,1,0,1
0,1,0,1,0,0,Aain challal,0,1,1,0,0,Byblos_District,0,Impact Open Data,0,1,0
0,0,0,0,0,0,Aainbal,0,0,0,0,0,Mount_Lebanon_Governorate,0,Impact Open Data,0,0,0
0,0,3,1,0,0,Aaita Ej-Jabal,2,1,1,1,0,Bint_Jbeil_District,0,Impact Open Data,0,1,0
0,0,3,1,0,0,Aaiyat,3,1,1,1,0,Akkar_Governorate,0,Impact Open Data,0,1,0
0,0,0,0,0,0,Aajaltoun,0,0,0,0,0,Keserwan_District,0,Impact Open Data,0,0,0
0,0,7,0,1,0,Aakkar El-Aatiqa,20,1,0,1,0,Akkar_Governorate,6,Impact Open Data,1,0,1
0,0,9,0,1,5,Aaley,20,0,0,1,1,Aley_District,20,Impact Open Data,0,1,1
0,1,3,1,0,0,Aaley Bsatine,0,1,0,0,0,Aley_District,2,Impact Open Data,0,1,1
1,0,6,1,0,0,Aali En-Nahri,1,1,0,1,0,ZahlÃ©_District,2,Impact Open Data,0,1,1
0,0,6,1,0,0,Aalma,2,1,0,1,0,Zgharta_District,1,Impact Open Data,0,1,1
0,1,6,0,1,1,Aalma Ech-Chaab,0,0,0,0,1,Tyre_District,2,Impact Open Data,0,1,1
0,1,0,1,0,0,Aalman,0,1,1,0,0,Marjeyoun_District,0,Impact Open Data,0,1,0
0,0,3,1,0,0,Aalmane Ech-Chouf,1,1,1,1,0,Mount_Lebanon_Governorate,0,Impact Open Data,0,1,0
0,0,6,1,0,0,Aamaret El-Baykat,3,1,0,1,0,Akkar_Governorate,3,Impact Open Data,0,1,1
0,0,6,1,0,0,Aamayer,3,1,0,1,0,Akkar_Governorate,2,Impact Open Data,0,1,1
0,0,10,0,1,1,Aamchit,3,0,0,1,1,Byblos_District,15,Impact Open Data,1,0,1
0,1,3,0,1,0,Aammatour,0,1,0,0,0,Mount_Lebanon_Governorate,1,Impact Open Data,0,1,1
0,1,3,1,1,0,Aammiq Ech-Chouf,0,1,0,0,0,Western_Beqaa_District,2,Impact Open Data,0,1,1
0,0,6,1,0,0,Aana,3,1,0,1,0,Western_Beqaa_District,1,Impact Open Data,0,1,1
0,0,7,1,0,0,Aandqet,2,1,0,1,0,Akkar_Governorate,2,Impact Open Data,1,0,1
0,0,10,1,0,2,Aanjar (Haouch Moussa),4,0,0,1,1,ZahlÃ©_District,8,Impact Open Data,1,0,1
0,0,6,0,1,0,Aanout,2,1,0,1,0,Mount_Lebanon_Governorate,3,Impact Open Data,0,1,1
0,0,6,1,0,0,Aanqoun,7,1,0,1,0,Sidon_District,2,Impact Open Data,0,1,1
0,1,0,1,0,0,Aaouaainat Aakkar,0,1,1,0,0,Akkar_Governorate,0,Impact Open Data,0,1,0
0,1,0,1,0,0,Aaqabet Rachaya,0,1,1,0,0,Beqaa_Governorate,0,Impact Open Data,0,1,0
1,1,6,0,1,2,Aaqaibeh Kesrouane,0,0,0,0,1,Keserwan_District,20,Impact Open Data,0,1,1
0,1,0,1,0,0,Aaqtanit,0,1,1,0,0,Sidon_District,0,Impact Open Data,0,1,0
0,0,0,0,0,0,Aarab Ej-Jall,0,0,0,0,0,Sidon_District,0,Impact Open Data,0,0,0
0,0,6,1,0,0,Aarab Salim,1,1,0,1,0,Nabatieh_Governorate,1,Impact Open Data,0,1,1
0,1,3,1,0,0,Aarab Tabbaya,0,1,0,0,0,Sidon_District,2,Impact Open Data,0,1,1
1,1,3,1,0,0,Aaraiya,0,1,0,0,0,Baabda_District,1,Impact Open Data,0,1,1
0,0,3,1,0,0,Aaramoun Kesrouane,5,1,1,1,0,Aley_District,0,Impact Open Data,0,1,0
0,1,0,1,0,0,Aaramta,0,1,1,0,0,South_Governorate,0,Impact Open Data,0,1,0
0,1,0,1,0,0,Aaray,0,1,1,0,0,South_Governorate,0,Impact Open Data,0,1,0
0,0,0,0,0,0,Aarbaniyeh,0,0,0,0,0,Baabda_District,0,Impact Open Data,0,0,0
0,0,9,1,0,1,Aarbet Qozhaiya,1,0,0,1,1,Zgharta_District,2,Impact Open Data,0,1,1
0,0,9,1,0,1,Aarjis,5,0,0,1,1,Zgharta_District,15,Impact Open Data,0,1,1
0,1,0,1,0,0,Aarqa,0,1,1,0,0,Akkar_Governorate,0,Impact Open Data,0,1,0
0,0,0,1,0,0,Aarsal,0,0,0,0,0,Baalbek-Hermel_Governorate,0,Impact Open Data,0,0,0
0,0,9,0,1,1,Aassoun,3,0,0,1,1,MiniyehâDanniyeh_District,5,Impact Open Data,0,1,1
0,1,0,1,0,0,Aatchaneh,0,1,1,0,0,Matn_District,0,Impact Open Data,0,1,0
0,1,0,1,0,0,Aathrine,0,1,1,0,0,Mount_Lebanon_Governorate,0,Impact Open Data,0,1,0
0,1,3,0,1,0,Aaychiyeh,0,1,0,0,0,South_Governorate,2,Impact Open Data,0,1,1
0,1,0,0,1,0,Aayha,0,1,1,0,0,Beqaa_Governorate,0,Impact Open Data,0,1,0
0,1,6,0,1,1,Aaymar,0,0,0,0,1,MiniyehâDanniyeh_District,3,Impact Open Data,0,1,1
0,0,0,0,0,0,Aaynab,0,0,0,0,0,Aley_District,0,Impact Open Data,0,0,0
1,1,1,1,0,0,Aaynata Baalbek,0,1,1,0,0,Baalbek-Hermel_Governorate,0,Impact Open Data,1,0,0
1,0,6,0,0,0,Aaynata Bent Jbeil,3,1,0,1,0,Bint_Jbeil_District,1,Impact Open Data,0,1,1
0,0,6,1,0,0,Aayoun Aakkar,4,1,0,1,0,Akkar_Governorate,2,Impact Open Data,0,1,1
1,1,0,0,1,0,Aayoun El-Ghizlane,0,1,1,0,0,Akkar_Governorate,0,Impact Open Data,0,1,0
0,1,0,1,0,0,Aayoun El-Matn,0,1,1,0,0,Matn_District,0,Impact Open Data,0,1,0
0,1,0,1,0,0,Aayroun,0,1,1,0,0,Matn_District,0,Impact Open Data,0,1,0
0,0,6,0,1,0,Aayta Ech-Chaab,5,1,0,1,0,Bint_Jbeil_District,6,Impact Open Data,0,1,1
0,1,3,1,0,0,Aayta El-Foukhar,0,1,0,0,0,Beqaa_Governorate,1,Impact Open Data,0,1,1
0,1,4,1,0,0,Aaytanit,0,1,0,0,0,Western_Beqaa_District,2,Impact Open Data,1,0,1
0,1,3,1,0,0,Aaytat,0,1,0,0,0,Aley_District,1,Impact Open Data,0,1,1
1,1,0,0,1,0,Aaytit,0,1,1,0,0,Tyre_District,0,Impact Open Data,0,1,0
0,1,6,0,1,2,Aazour,0,0,0,0,1,South_Governorate,2,Impact Open Data,0,1,1
0,0,3,1,0,0,Aazqai,5,1,1,1,0,MiniyehâDanniyeh_District,0,Impact Open Data,0,1,0
0,1,6,1,0,1,Aazra ouel Aazr,0,0,0,0,1,Keserwan_District,2,Impact Open Data,0,1,1
0,0,0,0,0,0,Aazzi,0,0,0,0,0,Nabatieh_Governorate,0,Impact Open Data,0,0,0
0,0,9,1,0,1,Ablah,1,0,0,1,1,ZahlÃ©_District,2,Impact Open Data,0,1,1
0,0,0,0,0,0,Abou Mizan,0,0,0,0,0,Matn_District,0,Impact Open Data,0,0,0
0,0,10,1,0,4,Abou Qamha,4,0,0,1,1,Hasbaya_District,10,Impact Open Data,1,0,1
0,0,0,0,0,0,Adma Oua Dafine,0,0,0,0,0,Keserwan_District,0,Impact Open Data,0,0,0
0,0,0,0,0,0,Adonis,0,0,0,0,0,Byblos_District,0,Impact Open Data,0,0,0
0,0,3,0,1,0,Afqa Jbeil,2,1,1,1,0,Byblos_District,0,Impact Open Data,0,1,0
0,1,0,1,0,0,Ain Aakrine,0,1,1,0,0,North_Governorate,0,Impact Open Data,0,1,0
0,0,0,0,0,0,Aintoura El-Matn,0,0,0,0,0,Matn_District,0,Impact Open Data,0,0,0
0,1,4,1,0,0,Aintoura Kesrouane,0,1,0,0,0,Keserwan_District,2,Impact Open Data,1,0,1
0,1,0,1,0,0,Aintourine,0,1,1,0,0,Zgharta_District,0,Impact Open Data,0,1,0
0,0,0,0,0,0,Aitaroun,0,0,0,0,0,Bint_Jbeil_District,0,Impact Open Data,0,0,0
0,0,6,1,0,0,Alaq,2,1,0,1,0,Baalbek-Hermel_Governorate,6,Impact Open Data,0,1,1
0,0,3,1,0,0,Almat,2,1,1,1,0,Byblos_District,0,Impact Open Data,0,1,0
0,0,3,1,0,0,Amara,4,1,1,1,0,Akkar_Governorate,0,Impact Open Data,0,1,0
1,0,6,0,1,0,Amioun,5,1,0,1,0,North_Governorate,8,Impact Open Data,0,1,1
0,0,9,0,1,2,Anane,4,0,0,1,1,South_Governorate,4,Impact Open Data,0,1,1
0,0,9,1,0,1,Ansar,6,0,0,1,1,Nabatieh_Governorate,3,Impact Open Data,0,1,1
0,1,0,1,0,0,Ansar Baalbeck,0,1,1,0,0,Baalbek-Hermel_Governorate,0,Impact Open Data,0,1,0
1,0,10,0,0,0,Antelias-Naccache,0,0,0,1,1,Matn_District,0,Impact Open Data,1,0,1
1,1,6,1,0,1,Arnoun,0,0,0,0,1,Nabatieh_Governorate,1,Impact Open Data,0,1,1
0,1,0,1,0,0,Arsoun,0,1,1,0,0,Baabda_District,0,Impact Open Data,0,1,0
0,0,6,1,0,0,Arzai,4,1,0,1,0,Sidon_District,2,Impact Open Data,0,1,1
0,1,0,1,0,0,Arzoun,0,1,1,0,0,Tyre_District,0,Impact Open Data,0,1,0
0,1,0,1,0,0,Asnoun,0,1,1,0,0,Zgharta_District,0,Impact Open Data,0,1,0
0,1,3,0,1,0,Assia,0,1,0,0,0,Batroun_District,1,Impact Open Data,0,1,1
0,0,6,1,0,0,Ayto,1,1,0,1,0,Zgharta_District,1,Impact Open Data,0,1,1
0,0,0,0,0,0,Baabda-Louaizi,0,0,0,0,0,Baabda_District,0,Impact Open Data,0,0,0
0,0,0,0,0,0,Baabdat,0,0,0,0,0,Matn_District,0,Impact Open Data,0,0,0
1,1,4,0,1,0,Baadarane,0,1,0,0,0,Mount_Lebanon_Governorate,1,Impact Open Data,1,0,1
1,0,10,1,0,2,Baalbek,10,0,0,1,1,Baalbek-Hermel_Governorate,39,Impact Open Data,1,0,1
0,0,0,0,0,0,Baalchmay,0,0,0,0,0,Baabda_District,0,Impact Open Data,0,0,0
0,1,0,1,0,0,Baaloul West Bekaa,0,1,1,0,0,Western_Beqaa_District,0,Impact Open Data,0,1,0
0,1,3,1,0,0,Baaouerta,0,1,0,0,0,Aley_District,1,Impact Open Data,0,1,1
0,0,6,-1,1,0,Baaqline,5,1,0,1,0,Mount_Lebanon_Governorate,20,Impact Open Data,0,1,1
0,1,0,1,0,0,Baassir,0,1,1,0,0,Mount_Lebanon_Governorate,0,Impact Open Data,0,1,0
0,0,7,1,0,0,Bab Mareaa,5,1,0,1,0,Western_Beqaa_District,5,Impact Open Data,1,0,1
0,0,6,1,0,0,Babliyeh,7,1,0,1,0,Sidon_District,2,Impact Open Data,0,1,1
0,0,0,0,0,0,Badbhoun,0,0,0,0,0,North_Governorate,0,Impact Open Data,0,0,0
0,0,3,1,0,0,Baghdadi,2,1,1,1,0,Akkar_Governorate,0,Impact Open Data,0,1,0
0,1,0,1,0,0,Bahbouch,0,1,1,0,0,North_Governorate,0,Impact Open Data,0,1,0
0,0,7,0,1,0,Baisour,3,1,0,1,0,Aley_District,7,Impact Open Data,1,0,1
0,1,0,1,0,0,Baisour Jezzine,0,1,1,0,0,South_Governorate,0,Impact Open Data,0,1,0
0,0,9,1,0,1,Bakhaaoun,13,0,0,1,1,MiniyehâDanniyeh_District,7,Impact Open Data,0,1,1
0,1,0,1,0,0,Bakka,0,1,1,0,0,Beqaa_Governorate,0,Impact Open Data,0,1,0
0,1,0,1,0,0,Bakkifac Rachaya,0,1,1,0,0,Beqaa_Governorate,0,Impact Open Data,0,1,0
1,0,6,0,1,0,Balloune,3,1,0,1,0,Keserwan_District,10,Impact Open Data,0,1,1
0,1,3,1,0,0,Bane,0,1,0,0,0,Bsharri_District,1,Impact Open Data,0,1,1
0,1,0,0,1,0,Bany haiyane,0,1,1,0,0,Marjeyoun_District,0,Impact Open Data,0,1,0
0,0,0,0,0,0,Baouchriyeh el Sad,0,0,0,0,0,Matn_District,0,Impact Open Data,0,0,0
0,0,0,0,0,0,Baraachit,0,0,0,0,0,Bint_Jbeil_District,0,Impact Open Data,0,0,0
0,1,0,0,1,0,Barghoun,0,1,1,0,0,North_Governorate,0,Impact Open Data,0,1,0
0,0,6,1,0,0,Barja,13,1,0,1,0,Mount_Lebanon_Governorate,3,Impact Open Data,0,1,1
0,0,0,0,0,0,Barqa,0,0,0,0,0,Baalbek-Hermel_Governorate,0,Impact Open Data,0,0,0
0,0,6,1,0,0,Barr Elias,12,1,0,1,0,ZahlÃ©_District,15,Impact Open Data,0,1,1
0,1,0,1,0,0,Barsa,0,1,1,0,0,North_Governorate,0,Impact Open Data,0,1,0
0,0,3,1,0,0,Basateen Aakar,1,1,1,1,0,Akkar_Governorate,0,Impact Open Data,0,1,0
0,0,10,0,1,3,Baskinta,10,0,0,1,1,Matn_District,10,Impact Open Data,1,0,1
0,0,0,0,0,0,Bater,0,0,0,0,0,Mount_Lebanon_Governorate,0,Impact Open Data,0,0,0
0,1,3,0,1,0,Batha,0,1,0,0,0,Keserwan_District,2,Impact Open Data,0,1,1
1,1,6,1,0,1,Batloun,0,0,0,0,1,Mount_Lebanon_Governorate,2,Impact Open Data,0,1,1
0,0,6,1,0,0,Batoulay,12,1,0,1,0,Tyre_District,4,Impact Open Data,0,1,1
0,1,0,1,0,0,Batroumine,0,1,1,0,0,North_Governorate,0,Impact Open Data,0,1,0
0,0,10,0,1,3,Batroun,20,0,0,1,1,Batroun_District,20,Impact Open Data,1,0,1
0,1,0,1,0,0,Bayzoun,0,1,1,0,0,Byblos_District,0,Impact Open Data,0,1,0
1,1,7,1,0,2,Bazaaoun,0,0,0,0,1,Bsharri_District,4,Impact Open Data,1,0,1
0,0,0,0,0,0,Bazouriyeh,0,0,0,0,0,Tyre_District,0,Impact Open Data,0,0,0
0,0,0,1,0,0,Bchamoun,0,0,0,0,0,Aley_District,0,Impact Open Data,0,0,0
0,1,0,1,0,0,Bchannine,0,1,1,0,0,Zgharta_District,0,Impact Open Data,0,1,0
0,0,10,1,0,15,Bcharreh,5,0,0,1,1,Bsharri_District,20,Impact Open Data,1,0,1
1,0,7,0,1,0,Bcheaali,3,1,0,1,0,Batroun_District,1,Impact Open Data,1,0,1
0,0,4,0,1,0,Bchtfine,2,1,1,1,0,Mount_Lebanon_Governorate,0,Impact Open Data,1,0,0
0,0,4,0,1,0,Bdadoun,2,1,1,1,0,Aley_District,0,Impact Open Data,1,0,0
0,1,0,1,0,0,Bdebba,0,1,1,0,0,North_Governorate,0,Impact Open Data,0,1,0
0,0,7,1,0,0,Bebnine,5,1,0,1,0,Akkar_Governorate,2,Impact Open Data,1,0,1
1,1,0,1,0,0,Bechmizzine,0,1,1,0,0,North_Governorate,0,Impact Open Data,0,1,0
0,0,10,0,1,4,Bechouat,2,0,0,1,1,Baalbek-Hermel_Governorate,7,Impact Open Data,1,0,1
0,0,6,0,1,0,Bechtoudar,1,1,0,1,0,Batroun_District,3,Impact Open Data,0,1,1
0,0,0,0,0,0,Beddaoui,0,0,0,0,0,"Tripoli_District,_Lebanon",0,Impact Open Data,0,0,0
0,1,0,1,0,0,Bedghan Oua Ouadi Bedghan,0,1,1,0,0,Aley_District,0,Impact Open Data,0,1,0
0,0,0,0,0,0,Bedias,0,0,0,0,0,Tyre_District,0,Impact Open Data,0,0,0
0,1,3,1,0,0,Bednayel El-Koura,0,1,0,0,0,North_Governorate,2,Impact Open Data,0,1,1
1,1,0,0,1,0,Behdaydat,0,1,1,0,0,Byblos_District,0,Impact Open Data,0,1,0
1,1,1,0,1,0,Behnine,0,1,1,0,0,South_Governorate,0,Impact Open Data,1,0,0
0,1,3,1,0,0,Behouaita,0,1,0,0,0,MiniyehâDanniyeh_District,3,Impact Open Data,0,1,1
0,0,9,1,0,2,Beino,2,0,0,1,1,Akkar_Governorate,3,Impact Open Data,0,1,1
0,0,3,1,0,0,Beit Ayoub,2,1,1,1,0,Akkar_Governorate,0,Impact Open Data,0,1,0
0,1,0,1,0,0,Beit Chama,0,1,1,0,0,Baalbek-Hermel_Governorate,0,Impact Open Data,0,1,0
1,1,3,0,1,0,Beit Chlala,0,1,0,0,0,Batroun_District,7,Impact Open Data,0,1,1
0,1,7,1,0,1,Beit Ed-Dine,0,0,0,0,1,Mount_Lebanon_Governorate,3,Impact Open Data,1,0,1
0,1,0,1,0,0,Beit El Haj,0,1,1,0,0,Akkar_Governorate,0,Impact Open Data,0,1,0
0,1,0,1,0,0,Beit El-Faqs,0,1,1,0,0,MiniyehâDanniyeh_District,0,Impact Open Data,0,1,0
0,1,0,1,0,0,Beit El-Haouch,0,1,1,0,0,Akkar_Governorate,0,Impact Open Data,0,1,0
0,0,9,1,0,1,Beit El-Kekko,3,0,0,1,1,Matn_District,6,Impact Open Data,0,1,1
0,1,0,1,0,0,Beit Haouik,0,1,1,0,0,MiniyehâDanniyeh_District,0,Impact Open Data,0,1,0
0,1,0,1,0,0,Beit Hbaq,0,1,1,0,0,Byblos_District,0,Impact Open Data,0,1,0
1,1,3,1,0,1,Beit Kassab,0,0,1,0,1,Batroun_District,0,Impact Open Data,0,1,0
0,1,0,1,0,0,Beit Lahia,0,1,1,0,0,Beqaa_Governorate,0,Impact Open Data,0,1,0
0,0,9,0,1,7,Beit Lif,3,0,0,1,1,Bint_Jbeil_District,4,Impact Open Data,0,1,1
0,0,9,0,1,1,Beit Mellat,1,0,0,1,1,Akkar_Governorate,1,Impact Open Data,0,1,1
0,0,9,0,1,3,Beit Meri,5,0,0,1,1,Matn_District,5,Impact Open Data,0,1,1
0,1,0,1,0,0,Beit Monzer,0,1,1,0,0,Bsharri_District,0,Impact Open Data,0,1,0
0,0,9,1,0,1,Beit Obeid,4,0,0,1,1,Zgharta_District,1,Impact Open Data,0,1,1
0,0,0,0,0,0,Beit Yahoun,0,0,0,0,0,Bint_Jbeil_District,0,Impact Open Data,0,0,0
0,1,0,1,0,0,Beit Younes,0,1,1,0,0,Akkar_Governorate,0,Impact Open Data,0,1,0
0,0,0,1,0,0,Bejjeh,0,0,0,0,0,Byblos_District,0,Impact Open Data,0,0,0
0,1,0,1,0,0,Bekhaaz,0,1,1,0,0,Byblos_District,0,Impact Open Data,0,1,0
0,1,0,1,0,0,Benouati Jezzine,0,1,1,0,0,South_Governorate,0,Impact Open Data,0,1,0
1,0,10,0,1,1,Bent Jbeil,2,0,0,1,1,Bint_Jbeil_District,4,Impact Open Data,1,0,1
0,0,0,0,0,0,Beqaata Aachqout,0,0,0,0,0,Keserwan_District,0,Impact Open Data,0,0,0
0,1,0,1,0,0,Beqaata Kanaan,0,1,1,0,0,Keserwan_District,0,Impact Open Data,0,1,0
0,1,0,1,0,0,Berbara Aakkar,0,1,1,0,0,Akkar_Governorate,0,Impact Open Data,0,1,0
0,1,4,1,0,2,Berbara Jbeil,0,0,1,0,1,Byblos_District,0,Impact Open Data,1,0,0
0,0,0,0,0,0,Berhalioun,0,0,0,0,0,Bsharri_District,0,Impact Open Data,0,0,0
0,0,0,0,0,0,Berti,0,0,0,0,0,Sidon_District,0,Impact Open Data,0,0,0
0,1,0,0,1,0,Beslouqit,0,1,1,0,0,Zgharta_District,0,Impact Open Data,0,1,0
0,1,3,0,1,0,Besri Jezzine,0,1,0,0,0,South_Governorate,1,Impact Open Data,0,1,1
0,1,0,1,0,0,Bestiyat,0,1,1,0,0,Tyre_District,0,Impact Open Data,0,1,0
0,0,3,0,1,0,Bezbina,3,1,1,1,0,Akkar_Governorate,0,Impact Open Data,0,1,0
0,0,0,0,0,0,Bhamdoun Ed-Dayaa,0,0,0,0,0,Aley_District,0,Impact Open Data,0,0,0
1,0,10,1,0,4,Bhamdoun El-Mhatta,3,0,0,1,1,Aley_District,2,Impact Open Data,1,0,1
0,0,10,1,0,3,Bhersaf,0,0,0,1,1,Matn_District,10,Impact Open Data,1,0,1
0,1,3,1,0,0,Bichtlida,0,1,0,0,0,Byblos_District,1,Impact Open Data,0,1,1
0,0,6,1,0,0,Bijdarfil,1,1,0,1,0,Batroun_District,2,Impact Open Data,0,1,1
0,0,0,1,0,0,Bikfaya,0,0,0,0,0,Matn_District,0,Impact Open Data,0,0,0
0,1,0,0,1,0,Binnay,0,1,1,0,0,Aley_District,0,Impact Open Data,0,1,0
0,1,0,0,1,0,Bintaael,0,1,1,0,0,Byblos_District,0,Impact Open Data,0,1,0
0,0,9,0,1,1,Biret Aakkar,6,0,0,1,1,Akkar_Governorate,3,Impact Open Data,0,1,1
0,1,0,0,1,0,Biret Rachaya,0,1,1,0,0,Beqaa_Governorate,0,Impact Open Data,0,1,0
0,1,0,1,0,0,Bisrin,0,1,1,0,0,Aley_District,0,Impact Open Data,0,1,0
0,0,6,1,0,0,Bissariyeh,3,1,0,1,0,Sidon_District,4,Impact Open Data,0,1,1
0,0,0,0,0,0,Biyad,0,0,0,0,0,Tyre_District,0,Impact Open Data,0,0,0
0,0,3,0,1,0,Bizhel,2,1,1,1,0,Keserwan_District,0,Impact Open Data,0,1,0
0,0,9,0,1,12,Bkassine,5,0,0,1,1,South_Governorate,20,Impact Open Data,0,1,1
0,1,0,1,0,0,Bkeftine,0,1,1,0,0,North_Governorate,0,Impact Open Data,0,1,0
0,1,0,1,0,0,Bkhichtay,0,1,1,0,0,Aley_District,0,Impact Open Data,0,1,0
0,1,3,1,0,0,Blaouza,0,1,0,0,0,Bsharri_District,2,Impact Open Data,0,1,1
0,1,0,0,1,0,Blat Marjaayoun,0,1,1,0,0,Marjeyoun_District,0,Impact Open Data,0,1,0
0,1,3,1,0,0,Blaybel,0,1,0,0,0,Aley_District,1,Impact Open Data,0,1,1
1,1,0,0,1,0,Blida,0,1,1,0,0,Marjeyoun_District,0,Impact Open Data,0,1,0
0,0,7,0,1,0,Bmahray,1,1,0,1,0,Aley_District,2,Impact Open Data,1,0,1
0,0,6,1,0,2,Bmakine,1,0,1,1,1,Aley_District,0,Impact Open Data,0,1,0
0,0,9,0,1,3,Bmaryam,1,0,0,1,1,Baabda_District,4,Impact Open Data,0,1,1
0,1,0,1,0,0,Bnaafoul,0,1,1,0,0,Sidon_District,0,Impact Open Data,0,1,0
0,1,7,1,0,0,Bnabil,1,1,1,1,0,Matn_District,2,Impact Open Data,1,1,1
0,1,0,1,0,0,Bnehran,0,1,1,0,0,North_Governorate,0,Impact Open Data,0,1,0
0,1,0,1,0,0,Bnoueiti,0,1,1,0,0,Mount_Lebanon_Governorate,0,Impact Open Data,0,1,0
0,0,0,0,0,0,Bohayra,0,0,0,0,0,Zgharta_District,0,Impact Open Data,0,0,0
0,1,0,1,0,0,Bohwara,0,1,1,0,0,Aley_District,0,Impact Open Data,0,1,0
0,0,7,1,0,0,Borj Aakkar,2,1,0,1,0,Akkar_Governorate,6,Impact Open Data,1,0,1
0,1,6,1,0,2,Borj El-Moulouk,0,0,0,0,1,Marjeyoun_District,5,Impact Open Data,0,1,1
0,1,0,1,0,0,Borj El-Yahoudiyeh,0,1,1,0,0,MiniyehâDanniyeh_District,0,Impact Open Data,0,1,0
0,0,9,0,1,3,Borj En-Naqoura,4,0,0,1,1,Tyre_District,8,Impact Open Data,0,1,1
0,0,6,0,1,0,Borj Rahhal,13,1,0,1,0,Tyre_District,3,Impact Open Data,0,1,1
0,0,0,0,0,0,Borj qalaouiyeh,0,0,0,0,0,Bint_Jbeil_District,0,Impact Open Data,0,0,0
0,1,0,1,0,0,Botmeh,0,1,1,0,0,Mount_Lebanon_Governorate,0,Impact Open Data,0,1,0
0,1,6,0,1,1,Bouaida,0,0,0,0,1,Marjeyoun_District,1,Impact Open Data,0,1,1
0,1,6,1,0,2,Bouar,0,0,0,0,1,Keserwan_District,1,Impact Open Data,0,1,1
0,0,6,1,0,0,Bouarej,2,1,0,1,0,ZahlÃ©_District,6,Impact Open Data,0,1,1
0,0,0,0,0,0,Boulhos,0,0,0,0,0,Byblos_District,0,Impact Open Data,0,0,0
0,0,6,0,1,0,Bourj El Arab,4,1,0,1,0,Akkar_Governorate,5,Impact Open Data,0,1,1
0,0,9,1,0,2,Bourj El-Brajneh,20,0,0,1,1,Baabda_District,20,Impact Open Data,0,1,1
0,0,0,0,0,0,Bourj Hammoud,0,0,0,0,0,Matn_District,0,Impact Open Data,0,0,0
0,0,6,1,0,0,Bourjein,3,1,0,1,0,Mount_Lebanon_Governorate,1,Impact Open Data,0,1,1
0,1,3,1,0,0,Boussit,0,1,0,0,0,Zgharta_District,2,Impact Open Data,0,1,1
0,1,0,1,0,0,Boustane,0,1,1,0,0,Tyre_District,0,Impact Open Data,0,1,0
0,1,0,1,0,0,Boustane Heresh,0,1,1,0,0,Akkar_Governorate,0,Impact Open Data,0,1,0
0,1,0,1,0,0,Boutchay,0,1,1,0,0,Baabda_District,0,Impact Open Data,0,1,0
0,1,4,1,0,0,Bqaa Kafra,0,1,0,0,0,Bsharri_District,3,Impact Open Data,1,0,1
1,0,10,0,1,1,Bqaa Sefrine,5,0,0,1,1,MiniyehâDanniyeh_District,3,Impact Open Data,1,0,1
0,0,3,1,0,0,Bqaatouta,2,1,1,1,0,Keserwan_District,0,Impact Open Data,0,1,0
0,0,0,0,0,0,Bqarsouna,0,0,0,0,0,MiniyehâDanniyeh_District,0,Impact Open Data,0,0,0
1,0,10,1,0,20,Bqerqacha,20,0,0,1,1,Bsharri_District,30,Impact Open Data,1,0,1
0,0,6,0,1,0,Bqerzla,2,1,0,1,0,Akkar_Governorate,5,Impact Open Data,0,1,1
0,0,6,1,0,0,Bqosta,2,1,0,1,0,Sidon_District,3,Impact Open Data,0,1,1
0,0,3,1,0,0,Braiqeaa,4,1,1,1,0,Nabatieh_Governorate,0,Impact Open Data,0,1,0
0,0,3,1,0,0,Bramiyeh,1,1,1,1,0,Sidon_District,0,Impact Open Data,0,1,0
0,0,3,1,0,0,Breissat,1,1,1,1,0,Bsharri_District,0,Impact Open Data,0,1,0
0,1,1,0,1,0,Brih,0,1,1,0,0,Mount_Lebanon_Governorate,0,Impact Open Data,1,0,0
0,0,6,1,0,0,Brital,5,1,0,1,0,Baalbek-Hermel_Governorate,13,Impact Open Data,0,1,1
0,0,0,0,0,0,Broummana El-Matn,0,0,0,0,0,Matn_District,0,Impact Open Data,0,0,0
0,1,3,1,0,0,Bsaba Baabda,0,1,0,0,0,Baabda_District,1,Impact Open Data,0,1,1
0,1,3,1,0,0,Bsaba Ech-Chouf,0,1,0,0,0,Mount_Lebanon_Governorate,1,Impact Open Data,0,1,1
0,0,9,1,0,2,Bsalim,1,0,0,1,1,Matn_District,5,Impact Open Data,0,1,1
0,1,0,0,1,0,Bsalya,0,1,1,0,0,South_Governorate,0,Impact Open Data,0,1,0
0,0,3,1,0,0,Bsarma,2,1,1,1,0,North_Governorate,0,Impact Open Data,0,1,0
0,0,0,0,0,0,Bsous,0,0,0,0,0,Aley_District,0,Impact Open Data,0,0,0
0,1,0,1,0,0,Btaaboura,0,1,1,0,0,North_Governorate,0,Impact Open Data,0,1,0
0,1,6,1,0,0,Btalloun,0,0,0,0,1,Aley_District,1,Impact Open Data,0,1,1
0,0,0,0,0,0,Btater,0,0,0,0,0,Aley_District,0,Impact Open Data,0,0,0
0,1,0,1,0,0,Btedaai,0,1,1,0,0,Baalbek-Hermel_Governorate,0,Impact Open Data,0,1,0
0,1,3,-1,1,0,Btedine El-Leqch,0,1,0,0,0,South_Governorate,0,Impact Open Data,0,1,1
0,0,6,1,0,0,Bteghrine,2,1,0,1,0,Matn_District,1,Impact Open Data,0,1,1
0,1,1,1,0,0,Btekhnay,0,1,1,0,0,Baabda_District,0,Impact Open Data,1,0,0
1,0,3,0,1,0,Btermaz,1,1,1,1,0,MiniyehâDanniyeh_District,0,Impact Open Data,0,1,0
0,0,7,1,0,2,Bterram,2,0,1,1,1,North_Governorate,0,Impact Open Data,1,0,0
0,0,6,1,0,0,Btouratij,2,1,0,1,0,North_Governorate,1,Impact Open Data,0,1,1
0,1,0,1,0,0,Byaqout,0,1,1,0,0,Matn_District,0,Impact Open Data,0,1,0
0,0,3,1,0,0,Bzal,4,1,1,1,0,Akkar_Governorate,0,Impact Open Data,0,1,0
1,1,0,1,0,0,Bziza,0,1,1,0,0,North_Governorate,0,Impact Open Data,0,1,0
0,1,3,0,1,1,Bzoummar,0,0,1,0,1,Keserwan_District,0,Impact Open Data,0,1,0
0,0,3,0,1,0,Chaaitiyeh-Malkiyah,5,1,1,1,0,Tyre_District,0,Impact Open Data,0,1,0
0,0,0,0,0,0,Chaat,0,0,0,0,0,Baalbek-Hermel_Governorate,0,Impact Open Data,0,0,0
0,0,6,1,0,0,Chadra,3,1,0,1,0,Akkar_Governorate,2,Impact Open Data,0,1,1
0,0,0,0,0,0,Chahtoul,0,0,0,0,0,Keserwan_District,0,Impact Open Data,0,0,0
0,0,0,0,0,0,Chamaa,0,0,0,0,0,Tyre_District,0,Impact Open Data,0,0,0
0,1,0,1,0,0,Chamate,0,1,1,0,0,Byblos_District,0,Impact Open Data,0,1,0
0,0,3,0,1,0,Chanay,2,1,1,1,0,Aley_District,0,Impact Open Data,0,1,0
0,0,3,1,0,0,Chane,2,1,1,1,0,Akkar_Governorate,0,Impact Open Data,0,1,0
0,0,0,0,0,0,Chaouiyeh,0,0,0,0,0,Matn_District,0,Impact Open Data,0,0,0
0,0,3,1,0,0,Chaqdouf,1,1,1,1,0,Akkar_Governorate,0,Impact Open Data,0,1,0
0,0,6,1,0,0,Charbila,1,1,0,1,0,Akkar_Governorate,1,Impact Open Data,0,1,1
0,1,0,1,0,0,Charbine El-Hermel,0,1,1,0,0,Hermel_District,0,Impact Open Data,0,1,0
1,0,9,0,1,1,Charoun,1,0,0,1,1,Aley_District,2,Impact Open Data,0,1,1
0,0,4,1,0,0,Charqiyeh,0,1,0,0,0,Nabatieh_Governorate,1,Impact Open Data,1,0,1
0,1,0,0,1,0,Chartoun,0,1,1,0,0,Aley_District,0,Impact Open Data,0,1,0
0,0,6,0,1,0,Chebaa,1,1,0,1,0,Hasbaya_District,3,Impact Open Data,0,1,1
0,1,3,0,1,0,Chehabiyeh,0,1,0,0,0,Tyre_District,5,Impact Open Data,0,1,1
0,1,0,0,1,0,Chehabiyeh Faour,0,1,1,0,0,ZahlÃ©_District,0,Impact Open Data,0,1,0
0,0,0,0,0,0,Chehour,0,0,0,0,0,Tyre_District,0,Impact Open Data,0,0,0
0,1,0,1,0,0,Cheikh Ayash,0,1,1,0,0,Akkar_Governorate,0,Impact Open Data,0,1,0
0,0,3,1,0,0,Cheikh Mohammad,7,1,1,1,0,Akkar_Governorate,0,Impact Open Data,0,1,0
0,1,0,1,0,0,Cheikh Taba,0,1,1,0,0,Akkar_Governorate,0,Impact Open Data,0,1,0
0,1,0,1,0,0,Cheikh Zennad,0,1,1,0,0,Akkar_Governorate,0,Impact Open Data,0,1,0
0,0,6,1,0,0,Cheikhlar,3,1,0,1,0,Akkar_Governorate,2,Impact Open Data,0,1,1
0,0,6,0,1,0,Chhim,2,1,0,1,0,Mount_Lebanon_Governorate,1,Impact Open Data,0,1,1
0,1,3,1,0,0,Chibtine,0,1,0,0,0,Batroun_District,5,Impact Open Data,0,1,1
0,1,0,1,0,0,Chihine,0,1,1,0,0,Tyre_District,0,Impact Open Data,0,1,0
0,1,0,1,0,0,Chikhane,0,1,1,0,0,Byblos_District,0,Impact Open Data,0,1,0
0,0,0,0,0,0,Chikka,0,0,0,0,0,Batroun_District,0,Impact Open Data,0,0,0
0,0,6,1,0,0,Chimlane,1,1,0,1,0,Aley_District,3,Impact Open Data,0,1,1
1,0,9,1,0,1,Chiyah,3,0,0,1,1,Baabda_District,4,Impact Open Data,0,1,1
0,1,3,1,0,0,Chlifa,0,1,0,0,0,Baalbek-Hermel_Governorate,2,Impact Open Data,0,1,1
0,0,0,0,0,0,Chmistar,0,0,0,0,0,Baalbek-Hermel_Governorate,0,Impact Open Data,0,0,0
0,1,0,1,0,0,Chnanaair,0,1,1,0,0,Keserwan_District,0,Impact Open Data,0,1,0
0,0,6,1,0,0,Choualiq Jezzine,1,1,0,1,0,South_Governorate,5,Impact Open Data,0,1,1
0,1,3,1,0,0,Chouaya Hasbaiya,0,1,0,0,0,Hasbaya_District,3,Impact Open Data,0,1,1
0,0,0,0,0,0,Chouaya Maten,0,0,0,0,0,Matn_District,0,Impact Open Data,0,0,0
1,0,9,1,0,5,Choueifat El-Aamrousiyeh,10,0,0,1,1,Aley_District,20,Impact Open Data,0,1,1
0,1,0,0,1,0,Chouit,0,1,1,0,0,Baabda_District,0,Impact Open Data,0,1,0
0,0,6,0,1,0,Choukine,4,1,0,1,0,Nabatieh_Governorate,2,Impact Open Data,0,1,1
0,1,0,1,0,0,Chourit,0,1,1,0,0,Mount_Lebanon_Governorate,0,Impact Open Data,0,1,0
0,1,3,1,0,0,Chtaura,0,1,0,0,0,ZahlÃ©_District,3,Impact Open Data,0,1,1
0,1,0,1,0,0,Daghleh,0,1,1,0,0,Akkar_Governorate,0,Impact Open Data,0,1,0
0,0,10,1,0,2,Dahr El-Ahmar,5,0,0,1,1,Beqaa_Governorate,3,Impact Open Data,1,0,1
0,0,0,0,0,0,Dahr El-Maghara,0,0,0,0,0,Mount_Lebanon_Governorate,0,Impact Open Data,0,0,0
0,1,0,1,0,0,Dahr El-Qanbar,0,1,1,0,0,Akkar_Governorate,0,Impact Open Data,0,1,0
0,0,6,1,0,0,Dahr Es-Souane El-Matn,2,1,0,1,0,Matn_District,2,Impact Open Data,0,1,1
1,0,6,1,0,0,Dahr Laissine,1,1,0,1,0,Akkar_Governorate,2,Impact Open Data,0,1,1
0,0,3,0,1,0,Dalhoun,3,1,1,1,0,Mount_Lebanon_Governorate,0,Impact Open Data,0,1,0
0,0,0,0,0,0,Damalsa,0,0,0,0,0,Byblos_District,0,Impact Open Data,0,0,0
0,0,9,1,0,2,Damour,4,0,0,1,1,Mount_Lebanon_Governorate,5,Impact Open Data,0,1,1
0,1,0,1,0,0,Daoura,0,1,1,0,0,Akkar_Governorate,0,Impact Open Data,0,1,0
0,0,0,0,0,0,Daqqoun,0,0,0,0,0,Aley_District,0,Impact Open Data,0,0,0
0,1,0,1,0,0,Dar Baaechtar,0,1,1,0,0,North_Governorate,0,Impact Open Data,0,1,0
0,1,0,1,0,0,Dar Chmizzine,0,1,1,0,0,North_Governorate,0,Impact Open Data,0,1,0
0,0,0,0,0,0,Daraaoun,0,0,0,0,0,Keserwan_District,0,Impact Open Data,0,0,0
0,0,6,1,0,0,Daraiya Ech-Chouf,2,1,0,1,0,Mount_Lebanon_Governorate,3,Impact Open Data,0,1,1
0,1,0,0,1,0,Daraiya Kesrouane,0,1,1,0,0,Keserwan_District,0,Impact Open Data,0,1,0
0,0,0,0,0,0,Darb Es-Sim,0,0,0,0,0,Sidon_District,0,Impact Open Data,0,0,0
0,1,0,1,0,0,Darine,0,1,1,0,0,Akkar_Governorate,0,Impact Open Data,0,1,0
0,0,0,0,0,0,Dayshouniyi,0,0,0,0,0,Matn_District,0,Impact Open Data,0,0,0
0,1,0,1,0,0,Debaal Menie,0,1,1,0,0,MiniyehâDanniyeh_District,0,Impact Open Data,0,1,0
0,0,0,0,0,0,Debaal Sour,0,0,0,0,0,Tyre_District,0,Impact Open Data,0,0,0
1,0,6,0,1,0,Debl,2,1,0,1,0,Bint_Jbeil_District,3,Impact Open Data,0,1,1
0,0,3,1,0,0,Deddeh,3,1,1,1,0,North_Governorate,0,Impact Open Data,0,1,0
0,1,0,1,0,0,Deir Aames,0,1,1,0,0,Tyre_District,0,Impact Open Data,0,1,0
0,0,6,1,0,0,Deir Aammar,5,1,0,1,0,MiniyehâDanniyeh_District,6,Impact Open Data,0,1,1
0,1,0,1,0,0,Deir Baba,0,1,1,0,0,Mount_Lebanon_Governorate,0,Impact Open Data,0,1,0
0,1,3,1,0,0,Deir Billa,0,1,0,0,0,Batroun_District,1,Impact Open Data,0,1,1
0,1,0,1,0,0,Deir Chamra,0,1,1,0,0,Matn_District,0,Impact Open Data,0,1,0
0,0,6,0,1,0,Deir Dalloum,4,1,0,1,0,Akkar_Governorate,5,Impact Open Data,0,1,1
0,0,9,1,0,1,Deir Dourit,2,1,0,1,1,Mount_Lebanon_Governorate,2,Impact Open Data,0,1,1
1,1,0,0,1,0,Deir El-Aachayer,0,1,1,0,0,Beqaa_Governorate,0,Impact Open Data,0,1,0
0,0,10,0,1,3,Deir El-Ahmar,3,0,0,1,1,Baalbek-Hermel_Governorate,12,Impact Open Data,1,0,1
0,1,3,0,1,0,Deir El-Ghazal,0,1,0,0,0,ZahlÃ©_District,1,Impact Open Data,0,1,1
0,0,6,1,0,0,Deir El-harf,2,1,0,1,0,Baabda_District,1,Impact Open Data,0,1,1
0,0,0,0,0,0,Deir Ez-Zahrani,0,0,0,0,0,Nabatieh_Governorate,0,Impact Open Data,0,0,0
1,0,6,0,1,0,Deir Jannine,1,1,0,1,0,Akkar_Governorate,2,Impact Open Data,0,1,1
0,1,0,1,0,0,Deir Kifa,0,1,1,0,0,Tyre_District,0,Impact Open Data,0,1,0
0,1,3,1,0,0,Deir Koucheh,0,1,0,0,0,Mount_Lebanon_Governorate,2,Impact Open Data,0,1,1
0,1,0,0,1,0,Deir Mimas,0,1,1,0,0,Marjeyoun_District,0,Impact Open Data,0,1,0
0,1,0,1,0,0,Deir Nbouh,0,1,1,0,0,MiniyehâDanniyeh_District,0,Impact Open Data,0,1,0
0,0,3,1,0,0,Deir Ntar,4,1,1,1,0,Bint_Jbeil_District,0,Impact Open Data,0,1,0
0,0,3,1,0,0,Deir Qanoun El-Aain,7,1,1,1,0,Tyre_District,0,Impact Open Data,0,1,0
1,0,6,0,1,0,Deir Qanoun En-Nahr,10,1,0,1,0,Tyre_District,3,Impact Open Data,0,1,1
0,0,0,0,0,0,Deir Qoubel,0,0,0,0,0,Aley_District,0,Impact Open Data,0,0,0
0,0,6,0,1,0,Deir Siriane,3,1,0,1,0,Marjeyoun_District,2,Impact Open Data,0,1,1
0,0,0,0,0,0,Dekouaneh,0,0,0,0,0,Matn_District,0,Impact Open Data,0,0,0
0,1,3,1,0,0,Dellafeh,0,1,0,0,0,Hasbaya_District,1,Impact Open Data,0,1,1
1,1,0,0,1,0,Derdaghaiya,0,1,1,0,0,Tyre_District,0,Impact Open Data,0,1,0
0,0,0,0,0,0,Dfoun,0,0,0,0,0,Aley_District,0,Impact Open Data,0,0,0
0,1,0,1,0,0,Dhayra,0,1,1,0,0,Tyre_District,0,Impact Open Data,0,1,0
0,0,3,1,0,0,Dhour el hawa,3,1,1,1,0,North_Governorate,0,Impact Open Data,0,1,0
0,0,6,1,0,0,Dibbabiyeh,4,1,0,1,0,Akkar_Governorate,3,Impact Open Data,0,1,1
0,1,0,1,0,0,Dibbine,0,1,1,0,0,Marjeyoun_District,0,Impact Open Data,0,1,0
0,0,9,1,0,2,Dibbiyeh,3,0,0,1,1,Mount_Lebanon_Governorate,4,Impact Open Data,0,1,1
0,1,0,1,0,0,Dik El-Mehdi,0,1,1,0,0,Matn_District,0,Impact Open Data,0,1,0
0,0,6,0,1,0,Dimane,3,1,0,1,0,Bsharri_District,1,Impact Open Data,0,1,1
0,0,0,0,0,0,Dlebta,0,0,0,0,0,Keserwan_District,0,Impact Open Data,0,0,0
0,1,4,1,0,0,Dmit,0,1,0,0,0,Mount_Lebanon_Governorate,3,Impact Open Data,1,0,1
0,1,0,1,0,0,Douair Aadouiyeh,0,1,1,0,0,Akkar_Governorate,0,Impact Open Data,0,1,0
0,0,0,0,0,0,Douair En-Nabatiyeh,0,0,0,0,0,Nabatieh_Governorate,0,Impact Open Data,0,0,0
0,0,10,1,0,4,Douma,1,0,0,1,1,Batroun_District,6,Impact Open Data,1,0,1
0,0,6,1,0,0,Douris,1,1,0,1,0,Baalbek-Hermel_Governorate,6,Impact Open Data,0,1,1
1,1,3,0,1,0,Edde El-Batroun,0,1,0,0,0,Batroun_District,2,Impact Open Data,0,1,1
1,0,3,0,1,0,Eddeh Jbeil,2,1,1,1,0,Byblos_District,0,Impact Open Data,0,1,0
0,0,6,0,1,0,Eghbe,1,1,0,1,0,Keserwan_District,2,Impact Open Data,0,1,1
1,0,10,0,1,1,Ehmej,3,0,0,1,1,Byblos_District,6,Impact Open Data,1,0,1
0,0,3,1,0,0,Ein el Dahab,3,1,1,1,0,Akkar_Governorate,0,Impact Open Data,0,1,0
0,1,0,1,0,0,El Ain,0,1,1,0,0,Baalbek-Hermel_Governorate,0,Impact Open Data,0,1,0
1,1,0,1,0,0,El Ghabe,0,1,1,0,0,Matn_District,0,Impact Open Data,0,1,0
0,1,0,0,1,0,El Kfeir,0,1,1,0,0,Hasbaya_District,0,Impact Open Data,0,1,0
0,0,3,0,0,0,El Manara,0,0,0,0,0,Western_Beqaa_District,2,Impact Open Data,0,0,1
0,1,0,0,0,0,El Marej,0,1,1,0,0,Western_Beqaa_District,0,Impact Open Data,0,1,0
0,1,0,0,1,0,En-Nahriyyi,0,1,1,0,0,Akkar_Governorate,0,Impact Open Data,0,1,0
1,0,10,0,1,1,Enfeh,4,0,0,1,1,North_Governorate,14,Impact Open Data,1,0,1
0,0,0,0,0,0,Erkay,0,0,0,0,0,Sidon_District,0,Impact Open Data,0,0,0
0,0,0,0,0,0,Falougha,0,0,0,0,0,Baabda_District,0,Impact Open Data,0,0,0
0,1,6,0,1,1,Fanar,0,0,0,0,1,Matn_District,2,Impact Open Data,0,1,1
0,0,10,1,0,3,Faraya,5,0,0,1,1,Keserwan_District,6,Impact Open Data,1,0,1
0,1,0,1,0,0,Fard,0,1,1,0,0,Akkar_Governorate,0,Impact Open Data,0,1,0
0,0,10,0,1,2,Fardis Hasbaiya,20,0,0,1,1,Hasbaya_District,5,Impact Open Data,1,0,1
0,1,7,1,0,1,Fatqa,0,0,0,0,1,Keserwan_District,3,Impact Open Data,1,0,1
0,1,1,1,0,0,Fatre,0,1,1,0,0,Byblos_District,0,Impact Open Data,1,0,0
0,0,0,0,0,0,Faytroun,0,0,0,0,0,Keserwan_District,0,Impact Open Data,0,0,0
0,0,9,0,1,1,Fekehe,5,0,0,1,1,Baalbek-Hermel_Governorate,4,Impact Open Data,0,1,1
0,1,0,1,0,0,Ferhet,0,1,1,0,0,Byblos_District,0,Impact Open Data,0,1,0
0,0,9,1,0,1,Fghal,1,0,0,1,1,Byblos_District,2,Impact Open Data,0,1,1
0,1,3,1,0,0,Fiaa,0,1,0,0,0,North_Governorate,1,Impact Open Data,0,1,1
0,0,6,1,0,0,Fikani,6,1,0,1,0,ZahlÃ©_District,2,Impact Open Data,0,1,1
0,1,0,1,0,0,Fisan,0,1,1,0,0,Hermel_District,0,Impact Open Data,0,1,0
0,0,10,0,1,1,Fnaydek,10,0,0,1,1,Akkar_Governorate,2,Impact Open Data,1,0,1
0,0,6,0,1,0,Fouara,1,1,0,1,0,Mount_Lebanon_Governorate,1,Impact Open Data,0,1,1
0,0,0,0,0,0,Fourzol,0,0,0,0,0,ZahlÃ©_District,0,Impact Open Data,0,0,0
0,0,3,1,0,0,Fraides,2,1,1,1,0,Akkar_Governorate,0,Impact Open Data,0,1,0
0,1,0,0,1,0,Fraikeh,0,1,1,0,0,Matn_District,0,Impact Open Data,0,1,0
0,0,10,0,1,5,Fraudis Ech-Chouf,20,0,0,1,1,Mount_Lebanon_Governorate,40,Impact Open Data,1,0,1
0,1,0,1,0,0,Froun,0,1,1,0,0,Bint_Jbeil_District,0,Impact Open Data,0,1,0
0,0,6,0,0,0,Furn Ech-Chebbak,6,1,0,1,0,Baabda_District,32,Impact Open Data,0,1,1
0,1,0,1,0,0,Ghabat,0,1,1,0,0,Byblos_District,0,Impact Open Data,0,1,0
0,1,0,1,0,0,Ghaboune,0,1,1,0,0,Aley_District,0,Impact Open Data,0,1,0
1,1,7,0,1,1,Ghalboun,0,0,0,0,1,Byblos_District,1,Impact Open Data,1,0,1
0,1,3,1,0,0,Ghandouriyet Bent Jbeil,0,1,0,0,0,Bint_Jbeil_District,1,Impact Open Data,0,1,1
0,1,0,1,0,0,Gharzouz,0,1,1,0,0,Byblos_District,0,Impact Open Data,0,1,0
0,1,0,1,0,0,Ghassaniyeh,0,1,1,0,0,Sidon_District,0,Impact Open Data,0,1,0
0,1,0,0,1,0,Ghazayleh,0,1,1,0,0,Akkar_Governorate,0,Impact Open Data,0,1,0
0,0,0,1,0,0,Ghazir,0,0,0,0,0,Keserwan_District,0,Impact Open Data,0,0,0
0,0,6,0,1,0,Ghaziyeh,5,1,0,1,0,Sidon_District,15,Impact Open Data,0,1,1
0,0,6,1,0,0,Ghazzeh,3,1,0,1,0,Western_Beqaa_District,10,Impact Open Data,0,1,1
0,0,9,0,0,1,Ghbaet Bolonya,1,0,0,1,1,Matn_District,3,Impact Open Data,0,1,1
0,0,7,0,1,0,Ghbaleh Kesrouane,4,1,0,1,0,Keserwan_District,1,Impact Open Data,1,0,1
0,1,0,1,0,0,Ghbatiyeh,0,1,1,0,0,South_Governorate,0,Impact Open Data,0,1,0
0,0,6,1,0,0,Ghidras,2,1,0,1,0,Keserwan_District,1,Impact Open Data,0,1,1
0,0,9,1,0,1,Ghineh,2,0,0,1,1,Keserwan_District,3,Impact Open Data,0,1,1
0,0,9,1,0,4,Ghobairi,90,0,0,1,1,Baabda_District,83,Impact Open Data,0,1,1
0,0,3,0,1,0,Ghoifine,2,1,1,1,0,Byblos_District,0,Impact Open Data,0,1,0
0,0,6,0,0,0,Ghosta,3,1,0,1,0,Keserwan_District,0,Impact Open Data,0,1,1
0,0,6,1,0,0,Habbouch En-Nabatiyeh,1,1,0,1,0,Nabatieh_Governorate,8,Impact Open Data,0,1,1
0,0,0,0,0,0,Habil,0,0,0,0,0,Byblos_District,0,Impact Open Data,0,0,0
0,0,0,0,0,0,Hadath Baalback,0,0,0,0,0,Baalbek-Hermel_Governorate,0,Impact Open Data,0,0,0
1,0,10,0,1,2,Hadath Ej-Jebbeh,2,0,0,1,1,Bsharri_District,5,Impact Open Data,1,0,1
0,0,9,1,0,1,Hadath-Sbeineh,50,0,0,1,1,Baabda_District,50,Impact Open Data,0,1,1
0,1,0,1,0,0,Hadchit,0,1,1,0,0,Bsharri_District,0,Impact Open Data,0,1,0
0,0,0,0,0,0,Haddatha,0,0,0,0,0,Bint_Jbeil_District,0,Impact Open Data,0,0,0
0,1,3,0,1,0,Hajjeh,0,1,0,0,0,Sidon_District,1,Impact Open Data,0,1,1
0,1,0,1,0,0,Hakel,0,1,1,0,0,Byblos_District,0,Impact Open Data,0,1,0
0,0,9,1,0,1,Hakour,3,0,0,1,1,Akkar_Governorate,3,Impact Open Data,0,1,1
0,1,0,1,0,0,Halate,0,1,1,0,0,Byblos_District,0,Impact Open Data,0,1,0
0,0,6,1,0,0,Halba,20,1,0,1,0,Akkar_Governorate,5,Impact Open Data,0,1,1
0,1,0,1,0,0,Halbata,0,1,1,0,0,Baalbek-Hermel_Governorate,0,Impact Open Data,0,1,0
0,1,0,1,0,0,Halloussiyeh,0,1,1,0,0,Tyre_District,0,Impact Open Data,0,1,0
0,1,3,1,0,1,Hamat,0,0,1,0,1,Batroun_District,0,Impact Open Data,0,1,0
1,0,10,0,1,3,Hammana,7,0,0,1,1,Baabda_District,15,Impact Open Data,1,0,1
0,0,6,0,1,0,Hanaouay,2,1,0,1,0,Tyre_District,1,Impact Open Data,0,1,1
0,0,0,0,0,0,Hanine,0,0,0,0,0,Bint_Jbeil_District,0,Impact Open Data,0,0,0
0,1,0,0,1,0,Haouch El Qinnabeh Rachaya,0,1,1,0,0,Beqaa_Governorate,0,Impact Open Data,0,1,0
0,1,0,0,0,0,Haouch El-Harime,0,1,1,0,0,Western_Beqaa_District,0,Impact Open Data,0,1,0
0,1,0,1,0,0,Haouch En-Nabi,0,1,1,0,0,Baalbek-Hermel_Governorate,0,Impact Open Data,0,1,0
0,0,6,1,0,0,Haouch Er-Rafqa,2,1,0,1,0,Baalbek-Hermel_Governorate,2,Impact Open Data,0,1,1
0,1,3,1,0,0,Haouch Hala,0,1,0,0,0,ZahlÃ©_District,3,Impact Open Data,0,1,1
0,0,0,0,0,0,Haouch Snaid,0,0,0,0,0,Baalbek-Hermel_Governorate,0,Impact Open Data,0,0,0
1,0,6,1,0,0,Haouch Tall Safiyeh,2,1,0,1,0,Baalbek-Hermel_Governorate,1,Impact Open Data,0,1,1
0,1,0,1,0,0,Haouche Barada,0,1,1,0,0,Baalbek-Hermel_Governorate,0,Impact Open Data,0,1,0
0,1,0,1,0,0,Haql el Aazimeh,0,1,1,0,0,MiniyehâDanniyeh_District,0,Impact Open Data,0,1,0
0,1,0,1,0,0,Harabta,0,1,1,0,0,Baalbek-Hermel_Governorate,0,Impact Open Data,0,1,0
0,1,0,1,0,0,Haret Es-Sit,0,1,1,0,0,Baabda_District,0,Impact Open Data,0,1,0
0,1,0,1,0,0,Haret Fouar,0,1,1,0,0,Zgharta_District,0,Impact Open Data,0,1,0
0,0,6,1,0,0,Haret Hreik,90,1,0,1,0,Baabda_District,72,Impact Open Data,0,1,1
1,0,3,0,1,0,Haret Jandal,4,1,1,1,0,Mount_Lebanon_Governorate,0,Impact Open Data,0,1,0
1,0,6,1,0,0,Haret Saida,25,1,0,1,0,Sidon_District,15,Impact Open Data,0,1,1
0,1,0,1,0,0,Harf,0,1,1,0,0,South_Governorate,0,Impact Open Data,0,1,0
0,0,3,0,1,0,Harf Es-Sayad,2,1,1,1,0,MiniyehâDanniyeh_District,0,Impact Open Data,0,1,0
0,0,0,0,0,0,Haris,0,0,0,0,0,Bint_Jbeil_District,0,Impact Open Data,0,0,0
0,0,6,0,1,0,Harouf,4,1,0,1,0,Nabatieh_Governorate,3,Impact Open Data,0,1,1
0,0,7,0,1,0,Hasbaiya,7,1,0,1,0,Hasbaya_District,7,Impact Open Data,1,0,1
0,1,0,1,0,0,Hasbaiya El-Matn,0,1,1,0,0,Baabda_District,0,Impact Open Data,0,1,0
0,0,3,1,0,0,Hasrayel,4,1,1,1,0,Byblos_District,0,Impact Open Data,0,1,0
1,0,10,0,1,2,Hasroun,3,0,0,1,1,Bsharri_District,6,Impact Open Data,1,0,1
0,0,0,0,0,0,Hasrout,0,0,0,0,0,Mount_Lebanon_Governorate,0,Impact Open Data,0,0,0
0,1,0,1,0,0,Hayshe,0,1,1,0,0,Akkar_Governorate,0,Impact Open Data,0,1,0
0,0,6,1,0,0,Hayssa,1,1,0,1,0,Akkar_Governorate,3,Impact Open Data,0,1,1
0,1,0,1,0,0,Haytla,0,1,1,0,0,Akkar_Governorate,0,Impact Open Data,0,1,0
0,0,3,1,0,0,Haytoura,1,1,1,1,0,South_Governorate,0,Impact Open Data,0,1,0
0,0,3,0,1,0,Hayzouq,3,1,1,1,0,Akkar_Governorate,0,Impact Open Data,0,1,0
0,0,0,0,0,0,Hazerta,0,0,0,0,0,ZahlÃ©_District,0,Impact Open Data,0,0,0
0,0,0,0,0,0,Hazmiyah,0,0,0,0,0,Baabda_District,0,Impact Open Data,0,0,0
0,0,4,1,0,0,Hazmiyet-Miniyeh,2,1,1,1,0,MiniyehâDanniyeh_District,0,Impact Open Data,1,0,0
0,1,0,1,0,0,Hdeine,0,1,1,0,0,Byblos_District,0,Impact Open Data,0,1,0
0,0,3,0,1,0,Hebbariyeh,2,1,1,1,0,Hasbaya_District,0,Impact Open Data,0,1,0
0,0,3,1,0,0,Hedd,1,1,1,1,0,Akkar_Governorate,0,Impact Open Data,0,1,0
0,1,1,1,0,0,Helouet Rachaya,0,1,1,0,0,Beqaa_Governorate,0,Impact Open Data,1,0,0
0,0,0,0,0,0,Henniyeh,0,0,0,0,0,Tyre_District,0,Impact Open Data,0,0,0
0,0,9,1,0,1,Heri,2,0,0,1,1,Batroun_District,3,Impact Open Data,0,1,1
1,0,9,0,1,2,Hermel,40,0,0,1,1,Hermel_District,40,Impact Open Data,0,1,1
0,1,0,0,1,0,Hidab,0,1,1,0,0,South_Governorate,0,Impact Open Data,0,1,0
0,0,3,1,0,0,Hilan,1,1,1,1,0,Zgharta_District,0,Impact Open Data,0,1,0
0,0,0,0,0,0,Himlaya,0,0,0,0,0,Matn_District,0,Impact Open Data,0,0,0
0,1,0,1,0,0,Hizzine,0,1,1,0,0,Baalbek-Hermel_Governorate,0,Impact Open Data,0,1,0
0,1,0,0,1,0,Hjoula,0,1,1,0,0,Byblos_District,0,Impact Open Data,0,1,0
1,0,3,1,0,0,Hlaliyeh ,2,1,1,1,0,Baabda_District,0,Impact Open Data,0,1,0
0,0,0,1,0,0,Hlaliyeh Saida,0,0,0,0,0,Sidon_District,0,Impact Open Data,0,0,0
0,0,3,0,1,0,Hmaireh Aakkar,2,1,1,1,0,Akkar_Governorate,0,Impact Open Data,0,1,0
0,1,0,1,0,0,Hmairi Sour,0,1,1,0,0,Tyre_District,0,Impact Open Data,0,1,0
0,0,6,1,0,0,Hocheb,2,1,0,1,0,Akkar_Governorate,1,Impact Open Data,0,1,1
0,0,0,0,0,0,Homsiyeh,0,0,0,0,0,South_Governorate,0,Impact Open Data,0,0,0
0,1,0,0,1,0,Houaich,0,1,1,0,0,Akkar_Governorate,0,Impact Open Data,0,1,0
0,0,0,0,0,0,Houla,0,0,0,0,0,Marjeyoun_District,0,Impact Open Data,0,0,0
0,0,6,0,1,0,Houmine El-Faouqa,2,1,0,1,0,Nabatieh_Governorate,2,Impact Open Data,0,1,1
0,0,6,0,1,0,Houmine Et-Tahta,3,1,0,1,0,Nabatieh_Governorate,2,Impact Open Data,0,1,1
0,1,0,0,1,0,Howara,0,1,1,0,0,MiniyehâDanniyeh_District,0,Impact Open Data,0,1,0
0,0,0,0,0,0,Hrajel,0,0,0,0,0,Keserwan_District,0,Impact Open Data,0,0,0
0,0,9,1,0,1,Hrar,10,0,0,1,1,Akkar_Governorate,4,Impact Open Data,0,1,1
0,1,0,1,0,0,Hsarat,0,1,1,0,0,Byblos_District,0,Impact Open Data,0,1,0
0,1,0,1,0,0,Hsayn,0,1,1,0,0,Keserwan_District,0,Impact Open Data,0,1,0
0,0,0,0,0,0,Hsoun,0,0,0,0,0,Byblos_District,0,Impact Open Data,0,0,0
1,0,9,0,1,1,Iaat,3,0,0,1,1,Baalbek-Hermel_Governorate,9,Impact Open Data,0,1,1
0,1,6,0,1,0,Ibl Es-Saqi,0,0,0,0,1,Marjeyoun_District,0,Impact Open Data,0,1,1
0,0,6,1,0,0,Idbil,4,1,0,1,0,Akkar_Governorate,4,Impact Open Data,0,1,1
0,0,6,1,0,0,Ighmid,2,1,0,1,0,Aley_District,1,Impact Open Data,0,1,1
0,1,1,1,0,0,Ijbaa,0,1,1,0,0,Zgharta_District,0,Impact Open Data,1,0,0
0,0,3,0,1,0,Ijdaabrine,1,1,1,1,0,North_Governorate,0,Impact Open Data,0,1,0
0,0,3,0,1,0,Ilat,2,1,1,1,0,Akkar_Governorate,0,Impact Open Data,0,1,0
0,0,6,0,1,0,Insariyeh,5,1,0,1,0,Sidon_District,3,Impact Open Data,0,1,1
0,0,6,1,0,0,Izal,5,1,0,1,0,MiniyehâDanniyeh_District,3,Impact Open Data,0,1,1
0,0,0,0,0,0,Jaaita,0,0,0,0,0,Keserwan_District,0,Impact Open Data,0,0,0
0,1,6,1,0,3,Jadra,0,0,0,0,1,Mount_Lebanon_Governorate,3,Impact Open Data,0,1,1
0,0,0,0,0,0,Jahliyeh,0,0,0,0,0,Mount_Lebanon_Governorate,0,Impact Open Data,0,0,0
1,1,3,1,0,0,Jaj,0,1,0,0,0,Byblos_District,3,Impact Open Data,0,1,1
0,0,10,1,0,3,Jall Ed-Dib,5,0,0,1,1,Matn_District,15,Impact Open Data,1,0,1
0,0,0,0,0,0,Janneh Mar Sarkis,0,0,0,0,0,Byblos_District,0,Impact Open Data,0,0,0
0,1,3,1,0,0,Jarbata,0,1,0,0,0,Batroun_District,1,Impact Open Data,0,1,1
0,0,9,0,1,2,Jarjouaa,3,0,0,1,1,Nabatieh_Governorate,5,Impact Open Data,0,1,1
0,1,6,0,1,1,Jarmaq,0,0,0,0,1,South_Governorate,1,Impact Open Data,0,1,1
0,1,0,1,0,0,Jbaa En-Nabatiyeh,0,1,1,0,0,Mount_Lebanon_Governorate,0,Impact Open Data,0,1,0
1,0,10,0,1,1,Jbaa En-Nabatiyeh-Ein-Boswar,3,0,0,1,1,Nabatieh_Governorate,5,Impact Open Data,1,0,1
0,0,3,1,0,0,Jbal El-Botm,1,1,1,1,0,Tyre_District,0,Impact Open Data,0,1,0
1,0,9,0,1,8,Jbeil,24,0,0,1,1,Byblos_District,64,Impact Open Data,0,1,1
0,1,0,1,0,0,Jbouleh,0,1,1,0,0,Baalbek-Hermel_Governorate,0,Impact Open Data,0,1,0
0,1,3,1,0,0,Jdaidet Ghazir,0,1,0,0,0,Keserwan_District,1,Impact Open Data,0,1,1
1,0,10,1,0,1,Jdaidet Marjaayoun,4,0,0,1,1,Marjeyoun_District,10,Impact Open Data,1,0,1
1,1,3,1,0,0,Jdeidet Ech-Chouf,0,1,0,0,0,Mount_Lebanon_Governorate,2,Impact Open Data,0,1,1
0,0,3,0,1,0,Jdidet Ej-Joumeh,2,1,1,1,0,Akkar_Governorate,0,Impact Open Data,0,1,0
0,0,9,0,1,3,Jdita,1,0,0,1,1,ZahlÃ©_District,7,Impact Open Data,0,1,1
0,0,6,1,0,1,Jebrayel,3,0,1,1,1,Akkar_Governorate,0,Impact Open Data,0,1,0
0,1,1,1,0,0,Jenjlaya,0,1,1,0,0,Sidon_District,0,Impact Open Data,1,0,0
0,0,0,0,0,0,Jennata,0,0,0,0,0,Tyre_District,0,Impact Open Data,0,0,0
0,1,3,1,0,0,Jensnaya,0,1,0,0,0,South_Governorate,1,Impact Open Data,0,1,1
1,0,3,1,0,0,Jenta,6,1,1,1,0,Baalbek-Hermel_Governorate,0,Impact Open Data,0,1,0
0,1,0,1,0,0,Jeoddayel Jbeil,0,1,1,0,0,Byblos_District,0,Impact Open Data,0,1,0
0,0,6,1,0,0,Jermanya,2,1,0,1,0,Akkar_Governorate,2,Impact Open Data,0,1,1
0,1,1,1,0,0,Jernaya,0,1,1,0,0,South_Governorate,0,Impact Open Data,1,0,0
1,0,10,1,0,3,Jezzine-Ain Majdelin,4,0,0,1,1,South_Governorate,4,Impact Open Data,1,0,1
0,1,0,1,0,0,Jibchit,0,1,1,0,0,Nabatieh_Governorate,0,Impact Open Data,0,1,0
0,0,10,0,1,3,Jiyeh,10,0,0,1,1,Mount_Lebanon_Governorate,15,Impact Open Data,1,0,1
0,1,0,1,0,0,Jmailiyeh,0,1,1,0,0,Mount_Lebanon_Governorate,0,Impact Open Data,0,1,0
0,0,6,0,1,0,Jouaiya,5,1,0,1,0,Tyre_District,3,Impact Open Data,0,1,1
0,0,6,1,0,0,Jouar El-Haouz,2,1,0,1,0,Baabda_District,3,Impact Open Data,0,1,1
0,0,6,1,0,0,Joubb Jannine,12,1,0,1,0,Western_Beqaa_District,2,Impact Open Data,0,1,1
0,0,0,0,0,0,Joun,0,0,0,0,0,Mount_Lebanon_Governorate,0,Impact Open Data,0,0,0
0,0,0,0,0,0,Jounie ,0,0,0,0,0,Keserwan_District,0,Impact Open Data,0,0,0
1,0,6,1,0,0,Jouret Arsoun,1,1,0,1,0,Baabda_District,1,Impact Open Data,0,1,1
0,1,6,1,0,1,Jouret Bedrane,0,0,0,0,1,Keserwan_District,1,Impact Open Data,0,1,1
0,0,0,1,0,0,Jouret E-Tourmos,0,0,0,0,0,Keserwan_District,0,Impact Open Data,0,0,0
0,1,3,1,0,0,Jouret El-Ballout,0,1,0,0,0,Matn_District,1,Impact Open Data,0,1,1
0,1,0,1,0,0,Kafr,0,1,1,0,0,Byblos_District,0,Impact Open Data,0,1,0
0,0,3,1,0,0,Kafr Harra,4,1,1,1,0,Akkar_Governorate,0,Impact Open Data,0,1,0
0,0,0,0,0,0,Kafr Hatna,0,0,0,0,0,Batroun_District,0,Impact Open Data,0,0,0
0,1,0,1,0,0,Kafr Jarrah,0,1,1,0,0,South_Governorate,0,Impact Open Data,0,1,0
0,0,3,1,0,0,Kafr Saroun,1,1,1,1,0,North_Governorate,0,Impact Open Data,0,1,0
0,1,0,1,0,0,Kafr horra,0,1,1,0,0,Zgharta_District,0,Impact Open Data,0,1,0
0,0,6,1,0,0,Kafra Bent Jbeil,4,1,0,1,0,Bint_Jbeil_District,2,Impact Open Data,0,1,1
0,0,6,1,0,0,Kafraiya West Bekaa,1,1,0,1,0,Western_Beqaa_District,1,Impact Open Data,0,1,1
0,0,3,1,0,0,Kafraya El-Koura,1,1,1,1,0,North_Governorate,0,Impact Open Data,0,1,0
0,1,0,0,0,0,Kafrkida,0,1,1,0,0,Byblos_District,0,Impact Open Data,0,1,0
0,1,0,1,0,0,Kafrnoun,0,1,1,0,0,Akkar_Governorate,0,Impact Open Data,0,1,0
0,1,0,1,0,0,Kafrya,0,1,1,0,0,Sidon_District,0,Impact Open Data,0,1,0
0,0,7,0,1,0,Kaftoun,1,1,0,1,0,North_Governorate,1,Impact Open Data,1,0,1
0,1,3,1,0,0,Kahef Maloul,0,1,0,0,0,MiniyehâDanniyeh_District,2,Impact Open Data,0,1,1
0,0,0,0,0,0,Kahhaleh,0,0,0,0,0,Aley_District,0,Impact Open Data,0,0,0
0,1,0,0,1,0,Kahlouniet Ech-Chouf,0,1,1,0,0,Mount_Lebanon_Governorate,0,Impact Open Data,0,1,0
1,0,6,0,1,0,Kamed El-Laouz,10,1,0,1,0,Western_Beqaa_District,5,Impact Open Data,0,1,1
0,1,0,1,0,0,Kaoukaba Bou Arab,0,1,1,0,0,Beqaa_Governorate,0,Impact Open Data,0,1,0
1,0,4,0,1,0,Kaoukaba Hasbaiya,2,1,1,1,0,Hasbaya_District,0,Impact Open Data,1,0,0
0,0,3,1,0,0,Kaoutariyet Es-Siyad,3,1,1,1,0,Sidon_District,0,Impact Open Data,0,1,0
0,0,0,0,0,0,Karkha,0,0,0,0,0,South_Governorate,0,Impact Open Data,0,0,0
0,1,0,0,1,0,Karm El-Mohr,0,1,1,0,0,MiniyehâDanniyeh_District,0,Impact Open Data,0,1,0
0,1,0,1,0,0,Karm Saddeh,0,1,1,0,0,Zgharta_District,0,Impact Open Data,0,1,0
0,1,0,1,0,0,Karm Zebdine,0,1,1,0,0,Akkar_Governorate,0,Impact Open Data,0,1,0
0,0,6,1,0,0,Ketermaya,1,1,0,1,0,Mount_Lebanon_Governorate,6,Impact Open Data,0,1,1
0,0,9,1,0,1,Keyfoun,3,0,0,1,1,Aley_District,1,Impact Open Data,0,1,1
0,1,4,1,0,0,Kfar Aabida,0,1,0,0,0,Batroun_District,6,Impact Open Data,1,0,1
0,1,0,0,1,0,Kfar Aamay,0,1,1,0,0,Aley_District,0,Impact Open Data,0,1,0
0,0,7,1,0,0,Kfar Aaqab,1,1,0,1,0,Matn_District,2,Impact Open Data,1,0,1
0,0,6,0,1,0,Kfar Aaqqa,2,1,0,1,0,North_Governorate,2,Impact Open Data,0,1,1
0,0,9,1,0,3,Kfar Baal,18,0,0,1,1,Byblos_District,5,Impact Open Data,0,1,1
0,1,0,1,0,0,Kfar Beit,0,1,1,0,0,Sidon_District,0,Impact Open Data,0,1,0
0,0,3,0,1,0,Kfar Bibnine,2,1,1,1,0,MiniyehâDanniyeh_District,0,Impact Open Data,0,1,0
1,1,0,1,0,0,Kfar Chellal,0,1,1,0,0,Sidon_District,0,Impact Open Data,0,1,0
0,0,6,0,1,0,Kfar Chellane,6,1,0,1,0,MiniyehâDanniyeh_District,1,Impact Open Data,0,1,1
0,1,3,0,1,0,Kfar Chima,0,1,0,0,0,Baabda_District,3,Impact Open Data,0,1,1
0,0,7,0,1,0,Kfar Chouba,1,1,0,1,0,Hasbaya_District,1,Impact Open Data,1,0,1
0,1,0,1,0,0,Kfar Dane,0,1,1,0,0,Baalbek-Hermel_Governorate,0,Impact Open Data,0,1,0
0,0,3,1,0,0,Kfar Denis,1,1,1,1,0,Beqaa_Governorate,0,Impact Open Data,0,1,0
1,0,10,0,1,8,Kfar Dibiane,10,0,0,1,1,Keserwan_District,20,Impact Open Data,1,0,1
1,0,6,1,0,0,Kfar Dounine,6,1,0,1,0,Bint_Jbeil_District,1,Impact Open Data,0,1,1
0,0,3,1,0,0,Kfar Falous,1,1,1,1,0,South_Governorate,0,Impact Open Data,0,1,0
0,0,3,1,0,0,Kfar Faqoud,2,1,1,1,0,Mount_Lebanon_Governorate,0,Impact Open Data,0,1,0
0,0,3,1,0,0,Kfar Habou,10,1,1,1,0,MiniyehâDanniyeh_District,0,Impact Open Data,0,1,0
0,1,0,1,0,0,Kfar Hamam,0,1,1,0,0,Hasbaya_District,0,Impact Open Data,0,1,0
0,0,3,1,0,0,Kfar Hatta Saida,5,1,1,1,0,Sidon_District,0,Impact Open Data,0,1,0
1,0,6,0,1,0,Kfar Hay,2,1,0,1,0,Batroun_District,2,Impact Open Data,0,1,1
1,1,3,0,1,0,Kfar Hazir,0,1,0,0,0,North_Governorate,1,Impact Open Data,0,1,1
0,0,0,0,0,0,Kfar Heam,0,0,0,0,0,Mount_Lebanon_Governorate,0,Impact Open Data,0,0,0
0,0,7,0,1,0,Kfar Hilda,8,1,0,1,0,Batroun_District,15,Impact Open Data,1,0,1
0,0,6,1,0,0,Kfar Houneh,1,1,0,1,0,South_Governorate,2,Impact Open Data,0,1,1
1,1,6,0,1,1,Kfar Jreif,0,0,0,0,1,Keserwan_District,1,Impact Open Data,0,1,1
0,1,3,1,0,0,Kfar Kila,0,1,0,0,0,Marjeyoun_District,5,Impact Open Data,0,1,1
0,0,6,1,0,0,Kfar Matta,2,1,0,1,0,Aley_District,2,Impact Open Data,0,1,1
0,1,3,1,0,0,Kfar Melki Saida,0,1,0,0,0,Sidon_District,5,Impact Open Data,0,1,1
0,0,3,0,1,0,Kfar Nabrakh,3,1,1,1,0,Mount_Lebanon_Governorate,0,Impact Open Data,0,1,0
0,0,3,0,0,0,Kfar Niss,0,0,0,0,0,Mount_Lebanon_Governorate,1,Impact Open Data,0,0,1
0,0,0,0,0,0,Kfar Qatra,0,0,0,0,0,Mount_Lebanon_Governorate,0,Impact Open Data,0,0,0
0,0,3,1,0,0,Kfar Qouq,3,1,1,1,0,Beqaa_Governorate,0,Impact Open Data,0,1,0
0,0,9,1,0,1,Kfar Roummane,2,0,0,1,1,Nabatieh_Governorate,3,Impact Open Data,0,1,1
0,0,3,0,1,0,Kfar Selouane,0,1,1,1,0,Baabda_District,0,Impact Open Data,0,1,0
0,1,6,0,1,1,Kfar Sir,0,0,0,0,1,Nabatieh_Governorate,6,Impact Open Data,0,1,1
0,1,0,1,0,0,Kfar Tay El-Matn,0,1,1,0,0,Matn_District,0,Impact Open Data,0,1,0
0,1,0,1,0,0,Kfar Tibnit,0,1,1,0,0,Nabatieh_Governorate,0,Impact Open Data,0,1,0
0,1,0,1,0,0,Kfar michki,0,1,1,0,0,Beqaa_Governorate,0,Impact Open Data,0,1,0
0,0,6,1,0,0,Kfardlaqous,3,1,0,1,0,Zgharta_District,8,Impact Open Data,0,1,1
1,0,6,0,1,0,Kfarfila,3,1,0,1,0,Nabatieh_Governorate,0,Impact Open Data,0,1,1
0,1,3,1,0,0,Kfarfou,0,1,0,0,0,Zgharta_District,2,Impact Open Data,0,1,1
0,0,6,1,0,0,Kfarhata ,2,1,0,1,0,North_Governorate,5,Impact Open Data,0,1,1
0,1,6,1,0,1,Kfarhata Zgharta,0,0,0,0,1,Zgharta_District,0,Impact Open Data,0,1,1
0,0,4,0,1,0,Kfarsghab,1,1,1,1,0,Zgharta_District,0,Impact Open Data,1,0,0
0,0,6,1,0,0,Kfartoun,12,1,0,1,0,Akkar_Governorate,2,Impact Open Data,0,1,1
0,1,0,1,0,0,Kfaryachit,0,1,1,0,0,Zgharta_District,0,Impact Open Data,0,1,0
0,1,3,0,1,0,Kfarzabad,0,1,0,0,0,ZahlÃ©_District,3,Impact Open Data,0,1,1
0,1,0,1,0,0,Kfarzaina,0,1,1,0,0,Zgharta_District,0,Impact Open Data,0,1,0
0,1,1,0,1,0,Kfoun,0,1,1,0,0,Byblos_District,0,Impact Open Data,1,0,0
0,1,0,0,1,0,Kfour El-Aarbi,0,1,1,0,0,Batroun_District,0,Impact Open Data,0,1,0
1,1,7,1,0,1,Kfour En-Nabatieh,3,1,1,1,1,Keserwan_District,1,Impact Open Data,1,1,1
0,0,6,0,1,0,Khalwat,5,1,0,1,0,Hasbaya_District,0,Impact Open Data,0,1,1
0,1,1,1,0,0,Kharbe,0,1,1,0,0,Byblos_District,0,Impact Open Data,1,0,0
0,1,0,1,0,0,Kharnoub,0,1,1,0,0,MiniyehâDanniyeh_District,0,Impact Open Data,0,1,0
0,1,0,1,0,0,Khartoum,0,1,1,0,0,Sidon_District,0,Impact Open Data,0,1,0
0,1,1,1,0,0,Khat el Petrol,0,1,1,0,0,Akkar_Governorate,0,Impact Open Data,1,0,0
0,0,0,0,0,0,Khayayeb Saida,0,0,0,0,0,Sidon_District,0,Impact Open Data,0,0,0
0,0,0,0,0,0,Khereibet Ech-Chouf,0,0,0,0,0,Mount_Lebanon_Governorate,0,Impact Open Data,0,0,0
0,0,6,0,1,0,Khinchara,1,1,0,1,0,Matn_District,2,Impact Open Data,0,1,1
0,1,3,1,0,0,Khirbet Bisri,0,1,0,0,0,Mount_Lebanon_Governorate,3,Impact Open Data,0,1,1
0,0,7,1,0,0,Khirbet Char,3,1,0,1,0,Akkar_Governorate,4,Impact Open Data,1,0,1
0,1,0,1,0,0,Khirbet Daoud Aakkar,0,1,1,0,0,Akkar_Governorate,0,Impact Open Data,0,1,0
0,1,0,1,0,0,Khirbet Jord,0,1,1,0,0,Akkar_Governorate,0,Impact Open Data,0,1,0
0,0,10,0,1,2,Khirbet Qanafar,2,0,0,1,1,Western_Beqaa_District,4,Impact Open Data,1,0,1
1,1,0,1,0,0,Khirbet Rouha,0,1,1,0,0,Beqaa_Governorate,0,Impact Open Data,0,1,0
1,0,7,-1,1,0,Khirbet Selm,10,1,0,1,0,Bint_Jbeil_District,7,Impact Open Data,1,0,1
0,0,9,-1,1,2,Khiyam Marjaayoun,5,0,0,1,1,Marjeyoun_District,3,Impact Open Data,0,1,1
0,0,6,1,0,0,Khodr Baalbek,1,1,0,1,0,Baalbek-Hermel_Governorate,2,Impact Open Data,0,1,1
0,1,0,0,1,0,Khreibet Baabda,0,1,1,0,0,Baabda_District,0,Impact Open Data,0,1,0
0,0,3,1,0,0,Khreibet Ej-Jindi,6,1,1,1,0,Akkar_Governorate,0,Impact Open Data,0,1,0
0,1,0,0,0,0,Khzaiz,0,1,1,0,0,Sidon_District,0,Impact Open Data,0,1,0
0,1,0,1,0,0,Kleyleh,0,1,1,0,0,Mount_Lebanon_Governorate,0,Impact Open Data,0,1,0
0,1,0,1,0,0,Kneisset Aakkar,0,1,1,0,0,Akkar_Governorate,0,Impact Open Data,0,1,0
0,1,0,0,1,0,Kneisset Ech-Chouf,0,1,1,0,0,Mount_Lebanon_Governorate,0,Impact Open Data,0,1,0
0,0,0,0,0,0,Kneisset Sour,0,0,0,0,0,Tyre_District,0,Impact Open Data,0,0,0
1,0,6,0,1,0,Kouachra,8,1,0,1,0,Akkar_Governorate,1,Impact Open Data,0,1,1
0,0,4,1,0,0,Kouakh,1,1,1,1,0,Hermel_District,0,Impact Open Data,1,0,0
0,0,6,1,0,0,Koueikhat,2,1,0,1,0,Akkar_Governorate,2,Impact Open Data,0,1,1
0,0,9,1,0,1,Kounine,2,0,0,1,1,Bint_Jbeil_District,2,Impact Open Data,0,1,1
0,0,1,1,0,0,Kour,0,1,1,0,0,Batroun_District,0,Impact Open Data,1,0,0
0,0,6,1,0,0,Kousba,1,1,0,1,0,North_Governorate,5,Impact Open Data,0,1,1
0,0,6,1,0,0,Kroum El-Aarab,1,1,0,1,0,Akkar_Governorate,1,Impact Open Data,0,1,1
0,0,0,0,0,0,Laboueh,0,0,0,0,0,Baalbek-Hermel_Governorate,0,Impact Open Data,0,0,0
0,0,9,0,1,5,Lala,15,0,0,1,1,Western_Beqaa_District,10,Impact Open Data,0,1,1
0,0,0,1,0,0,Laqlouq,0,0,0,0,0,Byblos_District,0,Impact Open Data,0,0,0
0,0,3,1,0,0,Lassa,3,1,1,1,0,Byblos_District,0,Impact Open Data,0,1,0
0,1,3,0,1,0,Lebaa,0,1,0,0,0,South_Governorate,1,Impact Open Data,0,1,1
0,1,4,0,1,0,Lehfed,0,1,0,0,0,Byblos_District,3,Impact Open Data,1,0,1
0,0,0,0,0,0,Libbaya West Bekaa,0,0,0,0,0,Western_Beqaa_District,0,Impact Open Data,0,0,0
0,1,0,1,0,0,Louayzet Jezzine,0,1,1,0,0,South_Governorate,0,Impact Open Data,0,1,0
0,0,3,0,1,0,Loubieh,3,1,1,1,0,Sidon_District,0,Impact Open Data,0,1,0
1,1,0,0,1,0,Maad,0,1,1,0,0,Byblos_District,0,Impact Open Data,0,1,0
0,1,0,1,0,0,Maarab,0,1,1,0,0,Keserwan_District,0,Impact Open Data,0,1,0
0,1,0,0,1,0,Maaraboun,0,1,1,0,0,Baalbek-Hermel_Governorate,0,Impact Open Data,0,1,0
0,0,6,1,0,0,Maarakeh,20,1,0,1,0,Tyre_District,3,Impact Open Data,0,1,1
0,0,0,0,0,0,Maaroub,0,0,0,0,0,Tyre_District,0,Impact Open Data,0,0,0
0,1,0,0,1,0,Maasrati,0,1,1,0,0,Aley_District,0,Impact Open Data,0,1,0
0,0,10,0,1,2,Maasser Beit Ed-Dine,5,0,0,1,1,Mount_Lebanon_Governorate,10,Impact Open Data,1,0,1
0,0,0,0,0,0,Maasser Ech-Chouf,0,0,0,0,0,Mount_Lebanon_Governorate,0,Impact Open Data,0,0,0
0,0,3,1,0,0,Maaysra Kesrouane,2,1,1,1,0,Keserwan_District,0,Impact Open Data,0,1,0
0,0,6,0,1,0,Machghara,3,1,0,1,0,Western_Beqaa_District,5,Impact Open Data,0,1,1
0,0,3,0,1,0,Machha,5,1,1,1,0,Akkar_Governorate,0,Impact Open Data,0,1,0
0,1,3,1,0,0,Machmoucheh,0,1,0,0,0,South_Governorate,1,Impact Open Data,0,1,1
0,0,3,1,0,0,Machta Hammoud,5,1,1,1,0,Akkar_Governorate,0,Impact Open Data,0,1,0
0,0,3,1,0,0,Machta Hassan,4,1,1,1,0,Akkar_Governorate,0,Impact Open Data,0,1,0
1,0,6,0,1,0,Maghdoucheh,2,1,0,1,0,Sidon_District,3,Impact Open Data,0,1,1
0,0,3,0,1,0,Magher wbala,2,1,1,1,0,Bsharri_District,0,Impact Open Data,0,1,0
0,0,3,1,0,0,Mahrouna,2,1,1,1,0,Tyre_District,0,Impact Open Data,0,1,0
0,1,0,1,0,0,Majdala,0,1,1,0,0,Akkar_Governorate,0,Impact Open Data,0,1,0
0,1,0,1,0,0,Majdaloun,0,1,1,0,0,Baalbek-Hermel_Governorate,0,Impact Open Data,0,1,0
0,1,0,1,0,0,Majdalouna,0,1,1,0,0,Mount_Lebanon_Governorate,0,Impact Open Data,0,1,0
0,0,6,0,1,0,Majdel,11,1,0,1,0,Tyre_District,3,Impact Open Data,0,1,1
0,1,3,1,0,0,Majdel Aanjar,0,1,0,0,0,ZahlÃ©_District,5,Impact Open Data,0,1,1
0,0,6,1,0,0,Majdel Baana,3,1,0,1,0,Aley_District,3,Impact Open Data,0,1,1
0,1,0,0,1,0,Majdel Balhis,0,1,1,0,0,Beqaa_Governorate,0,Impact Open Data,0,1,0
0,1,3,1,0,2,Majdel El-Aqoura,0,0,1,0,1,Byblos_District,0,Impact Open Data,0,1,0
0,1,0,0,1,0,Majdel El-Meouch,0,1,1,0,0,Mount_Lebanon_Governorate,0,Impact Open Data,0,1,0
0,0,9,0,1,1,Majdel Selm,5,0,0,1,1,Marjeyoun_District,2,Impact Open Data,0,1,1
1,1,0,0,1,0,Majdel el-Koura,0,1,1,0,0,North_Governorate,0,Impact Open Data,0,1,0
0,0,0,0,0,0,Majdel tarchich,0,0,0,0,0,Matn_District,0,Impact Open Data,0,0,0
0,1,3,1,0,0,Majdelyoun,0,1,0,0,0,Sidon_District,1,Impact Open Data,0,1,1
0,0,3,0,1,0,Majdelzoun,7,1,1,1,0,Tyre_District,0,Impact Open Data,0,1,0
0,0,3,0,0,0,Maknounet Jezzine,1,1,1,1,0,South_Governorate,0,Impact Open Data,0,1,0
1,0,9,0,1,1,Makseh,4,0,0,1,1,ZahlÃ©_District,7,Impact Open Data,0,1,1
0,0,3,1,0,0,Malkiyah Village,2,1,1,1,0,Tyre_District,0,Impact Open Data,0,1,0
1,0,3,0,1,0,Mansoura,2,1,1,1,0,Western_Beqaa_District,0,Impact Open Data,0,1,0
0,0,4,1,0,0,Mansoura ,1,1,1,1,0,Akkar_Governorate,0,Impact Open Data,1,0,0
0,0,0,1,0,0,Mansouri,0,0,0,0,0,Tyre_District,0,Impact Open Data,0,0,0
0,0,3,1,0,0,Mansouriyet Bhamdoun,1,1,1,1,0,Aley_District,0,Impact Open Data,0,1,0
1,0,6,1,0,0,Maqneh,2,1,0,1,0,Baalbek-Hermel_Governorate,2,Impact Open Data,0,1,1
0,0,3,1,0,0,Mar Boutros Karm Et-Tine,1,1,1,1,0,Matn_District,0,Impact Open Data,0,1,0
1,0,9,1,0,3,Mar Chaaya,2,0,0,1,1,Matn_District,5,Impact Open Data,0,1,1
0,1,0,1,0,0,Mar Mama,0,1,1,0,0,Batroun_District,0,Impact Open Data,0,1,0
0,1,3,0,0,0,Mar Moussa Ed-Douar,0,1,0,0,0,Matn_District,0,Impact Open Data,0,1,1
0,0,0,0,0,0,Marj Barja,0,0,0,0,0,Mount_Lebanon_Governorate,0,Impact Open Data,0,0,0
0,0,3,1,0,0,Marj Ez-Zouhour (Haouch El-Qinnaabeh),2,1,1,1,0,Hasbaya_District,0,Impact Open Data,0,1,0
0,0,0,0,0,0,Marjaba,0,0,0,0,0,Matn_District,0,Impact Open Data,0,0,0
1,1,0,0,1,0,Markaba,0,1,1,0,0,Marjeyoun_District,0,Impact Open Data,0,1,0
0,0,0,0,0,0,Maroun Er-Ras,0,0,0,0,0,Bint_Jbeil_District,0,Impact Open Data,0,0,0
0,1,0,1,0,0,Massa,0,1,1,0,0,ZahlÃ©_District,0,Impact Open Data,0,1,0
0,0,3,1,0,0,Massaaoudiyeh,4,1,1,1,0,Akkar_Governorate,0,Impact Open Data,0,1,0
0,1,0,1,0,0,Mayasseh,0,1,1,0,0,Matn_District,0,Impact Open Data,0,1,0
0,1,0,1,0,0,Maydoun,0,1,1,0,0,Western_Beqaa_District,0,Impact Open Data,0,1,0
0,1,3,1,0,0,Mayfadoun,0,1,0,0,0,Nabatieh_Governorate,1,Impact Open Data,0,1,1
0,0,0,0,0,0,Mayfouq,0,0,0,0,0,Byblos_District,0,Impact Open Data,0,0,0
0,0,6,1,0,0,Mayrouba,1,1,0,1,0,Keserwan_District,10,Impact Open Data,0,1,1
0,0,6,0,1,0,Mazareaa Jabal Akroum,10,1,0,1,0,Akkar_Governorate,2,Impact Open Data,0,1,1
0,1,0,1,0,0,Mazraat Assaf,0,1,1,0,0,Bsharri_District,0,Impact Open Data,0,1,0
0,0,3,0,1,0,Mazraat Balda,6,1,1,1,0,Akkar_Governorate,0,Impact Open Data,0,1,0
1,1,3,0,1,0,Mazraat Bani Saab,0,1,0,0,0,Bsharri_District,1,Impact Open Data,0,1,1
0,1,1,1,0,0,Mazraat Bani Sakher,0,1,1,0,0,Akkar_Governorate,0,Impact Open Data,1,0,0
0,1,3,1,0,0,Mazraat Beit Ghattas,0,1,0,0,0,Akkar_Governorate,2,Impact Open Data,0,1,1
1,1,0,1,0,0,Mazraat Ech-Chouf,0,1,1,0,0,Mount_Lebanon_Governorate,0,Impact Open Data,0,1,0
0,1,4,1,0,0,Mazraat El-Hdaira,0,1,0,0,0,Matn_District,4,Impact Open Data,1,0,1
0,0,0,0,0,0,Mazraat El-Mathane,0,0,0,0,0,South_Governorate,0,Impact Open Data,0,0,0
1,0,6,1,0,0,Mazraat Es-Dahr,1,1,0,1,0,Mount_Lebanon_Governorate,2,Impact Open Data,0,1,1
0,0,4,0,1,0,Mazraat Et-Teffah,1,1,1,1,0,Zgharta_District,0,Impact Open Data,1,0,0
0,0,3,1,0,0,Mazraat Ez-Zalloutiyeh,4,1,1,1,0,Tyre_District,0,Impact Open Data,0,1,0
0,1,0,1,0,0,Mazraat Harkish,0,1,1,0,0,Zgharta_District,0,Impact Open Data,0,1,0
0,0,6,1,0,0,Mazraat Hokka,1,1,0,1,0,Zgharta_District,1,Impact Open Data,0,1,1
0,1,0,1,0,0,Mazraat Mechref,0,1,1,0,0,Tyre_District,0,Impact Open Data,0,1,0
0,0,4,1,0,0,Mazraat Nahr Zgharta,1,1,1,1,0,Zgharta_District,0,Impact Open Data,1,0,0
0,1,0,1,0,0,Mazraat Swaidan,0,1,1,0,0,Baalbek-Hermel_Governorate,0,Impact Open Data,0,1,0
0,0,6,1,0,1,Mazraat Yachouaa,1,0,1,1,1,Matn_District,0,Impact Open Data,0,1,0
0,1,0,1,0,0,Mazraat beit Mchaik,0,1,1,0,0,Baalbek-Hermel_Governorate,0,Impact Open Data,0,1,0
0,0,0,0,0,0,Mchaneh,0,0,0,0,0,Byblos_District,0,Impact Open Data,0,0,0
0,1,0,1,0,0,Mcherfeh,0,1,1,0,0,Aley_District,0,Impact Open Data,0,1,0
0,0,0,0,0,0,Mchikha,0,0,0,0,0,Matn_District,0,Impact Open Data,0,0,0
0,1,0,1,0,0,Mdoukha,0,1,1,0,0,Beqaa_Governorate,0,Impact Open Data,0,1,0
1,1,0,1,0,0,Mechref,0,1,1,0,0,Mount_Lebanon_Governorate,0,Impact Open Data,0,1,0
0,1,0,1,0,0,Mehmarch,0,1,1,0,0,Batroun_District,0,Impact Open Data,0,1,0
0,1,0,1,0,0,Meimes,0,1,1,0,0,Hasbaya_District,0,Impact Open Data,0,1,0
0,1,3,1,0,0,Meiss Ej-Jabal,0,1,0,0,0,Marjeyoun_District,8,Impact Open Data,0,1,1
0,1,0,0,1,0,Mejdlaiya,0,1,1,0,0,Aley_District,0,Impact Open Data,0,1,0
1,0,3,1,0,0,Mejdlaiya Zgharta,10,1,1,1,0,Zgharta_District,0,Impact Open Data,0,1,0
0,1,0,1,0,0,Menneaa,0,1,1,0,0,Akkar_Governorate,0,Impact Open Data,0,1,0
0,0,9,1,0,1,Meri,2,0,0,1,1,Hasbaya_District,10,Impact Open Data,0,1,1
0,0,6,1,0,0,Merkebta,6,1,0,1,0,MiniyehâDanniyeh_District,2,Impact Open Data,0,1,1
0,1,0,1,0,0,Merouahine,0,1,1,0,0,Tyre_District,0,Impact Open Data,0,1,0
0,0,9,1,0,1,Merouaniyeh,6,0,0,1,1,Sidon_District,3,Impact Open Data,0,1,1
0,1,0,0,1,0,Metrit,0,1,1,0,0,North_Governorate,0,Impact Open Data,0,1,0
0,0,6,0,1,0,Mghairiyeh Ech-Chouf,3,1,0,1,0,Mount_Lebanon_Governorate,1,Impact Open Data,0,1,1
0,0,0,0,0,0,Mghayreh Jbeil,0,0,0,0,0,Byblos_District,0,Impact Open Data,0,0,0
0,0,0,0,0,0,Mhaibib,0,0,0,0,0,Marjeyoun_District,0,Impact Open Data,0,0,0
0,0,3,0,1,0,Mhaiydseh Rachaya,2,1,1,1,0,Beqaa_Governorate,0,Impact Open Data,0,1,0
0,1,3,0,1,0,Mhammaret,0,1,0,0,0,Akkar_Governorate,3,Impact Open Data,0,1,1
0,1,3,1,0,0,Mharbiyeh,0,1,0,0,0,South_Governorate,1,Impact Open Data,0,1,1
1,0,6,1,1,0,Michmich Jbeil,8,1,0,1,0,Byblos_District,1,Impact Open Data,0,1,1
0,1,0,1,0,0,Midane Jezzine,0,1,1,0,0,South_Governorate,0,Impact Open Data,0,1,0
1,0,10,0,1,1,Mina ,100,0,0,1,1,"Tripoli_District,_Lebanon",50,Impact Open Data,1,0,1
1,0,9,0,1,1,Minie,20,0,0,1,1,MiniyehâDanniyeh_District,20,Impact Open Data,0,1,1
1,0,7,0,1,0,Minyara,5,1,0,1,0,Akkar_Governorate,5,Impact Open Data,1,0,1
0,0,6,1,0,0,Miriata,7,1,0,1,0,Zgharta_District,0,Impact Open Data,0,1,1
0,0,3,1,0,0,Miyeh ou Miyeh,2,1,1,1,0,Sidon_District,0,Impact Open Data,0,1,0
0,0,9,1,0,1,Miziara,4,0,0,1,1,Zgharta_District,4,Impact Open Data,0,1,1
0,0,7,0,1,0,Mjaydel Jezzine,2,1,0,1,0,South_Governorate,1,Impact Open Data,1,0,1
0,1,0,0,0,0,Mlikh,0,1,1,0,0,South_Governorate,0,Impact Open Data,0,1,0
0,0,0,0,0,0,Mohtaqra,0,0,0,0,0,Mount_Lebanon_Governorate,0,Impact Open Data,0,0,0
0,0,3,1,0,0,Moqaylbeh,4,1,1,1,0,Akkar_Governorate,0,Impact Open Data,0,1,0
0,1,3,1,0,0,Moqraq,0,1,0,0,0,Baalbek-Hermel_Governorate,3,Impact Open Data,0,1,1
0,1,0,1,0,0,Moshrea,0,1,1,0,0,Matn_District,0,Impact Open Data,0,1,0
0,0,3,1,0,0,Motel,3,1,1,1,0,MiniyehâDanniyeh_District,0,Impact Open Data,0,1,0
0,0,3,1,0,0,Mouanse,3,1,1,1,0,Akkar_Governorate,0,Impact Open Data,0,1,0
0,0,6,0,1,0,Moukhtara,1,1,0,1,0,Mount_Lebanon_Governorate,2,Impact Open Data,0,1,1
1,0,4,0,1,0,Mounjez,3,1,1,1,0,Akkar_Governorate,0,Impact Open Data,1,0,0
0,0,0,0,0,0,Mounsef,0,0,0,0,0,Byblos_District,0,Impact Open Data,0,0,0
0,1,4,1,0,0,Mqaiteaa,0,1,0,0,0,Akkar_Governorate,2,Impact Open Data,1,0,1
0,1,3,1,0,0,Mrah El-Hbasse,0,1,0,0,0,South_Governorate,1,Impact Open Data,0,1,1
0,1,0,1,0,0,Mrah Es-Sfire,0,1,1,0,0,MiniyehâDanniyeh_District,0,Impact Open Data,0,1,0
1,0,6,1,0,0,Mrah Es-Srayj,4,1,0,1,0,MiniyehâDanniyeh_District,2,Impact Open Data,0,1,1
0,1,4,1,0,0,Mrah Ez Ziyat,0,1,0,0,0,Batroun_District,1,Impact Open Data,1,0,1
0,1,0,1,0,0,Mrah Kwakh,0,1,1,0,0,Akkar_Governorate,0,Impact Open Data,0,1,0
0,1,0,1,0,0,Mraijat,0,1,1,0,0,Aley_District,0,Impact Open Data,0,1,0
0,1,3,1,0,0,Mrayjat Zahleh,0,1,0,0,0,ZahlÃ©_District,2,Impact Open Data,0,1,1
1,1,1,0,1,0,Mristi,0,1,1,0,0,Mount_Lebanon_Governorate,0,Impact Open Data,1,0,0
0,0,10,1,0,1,Mrouj,2,0,0,1,1,Matn_District,8,Impact Open Data,1,0,1
0,1,3,1,0,0,Mtayleb,0,1,0,0,0,Matn_District,10,Impact Open Data,0,1,1
0,1,0,1,0,0,Mtolleh,0,1,1,0,0,Mount_Lebanon_Governorate,0,Impact Open Data,0,1,0
0,1,0,1,0,0,Mzraat Kefraya,0,1,1,0,0,Zgharta_District,0,Impact Open Data,0,1,0
0,0,6,0,1,0,Nabatiyeh,50,1,0,1,0,Nabatieh_Governorate,50,Impact Open Data,0,1,1
0,0,6,0,1,0,Nabatiyeh El-Faouka,8,1,0,1,0,Nabatieh_Governorate,10,Impact Open Data,0,1,1
0,0,0,0,0,0,Nabay,0,0,0,0,0,Matn_District,0,Impact Open Data,0,0,0
0,1,3,0,1,0,Nabha Ed-Damdoum,0,1,0,0,0,Baalbek-Hermel_Governorate,1,Impact Open Data,0,1,1
0,0,10,0,1,4,Nabha Mehfara,15,0,0,1,1,Baalbek-Hermel_Governorate,15,Impact Open Data,1,0,1
0,1,0,1,0,0,Nabha Qoudam,0,1,1,0,0,Baalbek-Hermel_Governorate,0,Impact Open Data,0,1,0
0,0,0,0,0,0,Nabi Ayla,0,0,0,0,0,ZahlÃ©_District,0,Impact Open Data,0,0,0
0,0,6,1,0,0,Nabi Chit,8,1,0,1,0,Baalbek-Hermel_Governorate,11,Impact Open Data,0,1,1
0,0,9,1,0,1,Nabi Osmane,3,0,0,1,1,Baalbek-Hermel_Governorate,2,Impact Open Data,0,1,1
0,0,3,1,0,0,Nahleh Baalbek,2,1,1,1,0,Baalbek-Hermel_Governorate,0,Impact Open Data,0,1,0
0,0,0,0,0,0,Nahmeh,0,0,0,0,0,Mount_Lebanon_Governorate,0,Impact Open Data,0,0,0
0,0,3,1,0,0,Nahr Ibrahim,3,1,1,1,0,Byblos_District,0,Impact Open Data,0,1,0
0,0,3,1,0,0,Najjariyeh,3,1,1,1,0,Sidon_District,0,Impact Open Data,0,1,0
0,1,3,1,0,0,Nakhleh,0,1,0,0,0,North_Governorate,1,Impact Open Data,0,1,1
0,1,0,1,0,0,Naoura El-Faouqa,0,1,1,0,0,Akkar_Governorate,0,Impact Open Data,0,1,0
0,1,1,1,0,0,Nasriyet Zahleh,0,1,1,0,0,ZahlÃ©_District,0,Impact Open Data,1,0,0
0,1,0,1,0,0,Nfisseh,0,1,1,0,0,Akkar_Governorate,0,Impact Open Data,0,1,0
0,0,4,1,0,0,Niha El-Chouf,4,1,1,1,0,Mount_Lebanon_Governorate,0,Impact Open Data,1,0,0
0,1,0,0,1,0,Niha Zahleh,0,1,1,0,0,ZahlÃ©_District,0,Impact Open Data,0,1,0
0,0,6,1,0,0,Nimrine,1,1,0,1,0,MiniyehâDanniyeh_District,3,Impact Open Data,0,1,1
1,1,3,1,0,0,Nmairiyeh,0,1,0,0,0,Nabatieh_Governorate,2,Impact Open Data,0,1,1
0,1,0,0,1,0,Ouada,0,1,1,0,0,Akkar_Governorate,0,Impact Open Data,0,1,0
0,1,0,1,0,0,Ouadi Baanqoudaine,0,1,1,0,0,South_Governorate,0,Impact Open Data,0,1,0
0,1,3,0,1,0,Ouadi Banhlay,0,1,0,0,0,Mount_Lebanon_Governorate,1,Impact Open Data,0,1,1
0,1,0,1,0,0,Ouadi Chahine,0,1,1,0,0,Matn_District,0,Impact Open Data,0,1,0
0,1,0,0,1,0,Ouadi Chahrour El Aaoulia,0,1,1,0,0,Baabda_District,0,Impact Open Data,0,1,0
0,0,3,1,0,0,Ouadi Chahrour Es-Soufla,2,1,1,1,0,Baabda_District,0,Impact Open Data,0,1,0
0,0,6,1,0,0,Ouadi Ed-Deir,1,1,0,1,0,Mount_Lebanon_Governorate,1,Impact Open Data,0,1,1
0,1,0,1,0,0,Ouadi El-Haour,0,1,1,0,0,Akkar_Governorate,0,Impact Open Data,0,1,0
0,1,0,1,0,0,Ouadi El-Karm El-Matn,0,1,1,0,0,Matn_District,0,Impact Open Data,0,1,0
0,0,3,1,0,0,Ouadi El-Laymoun,2,1,1,1,0,South_Governorate,0,Impact Open Data,0,1,0
0,1,0,1,0,0,Ouadi Es-Sitt,0,1,1,0,0,Mount_Lebanon_Governorate,0,Impact Open Data,0,1,0
0,1,0,1,0,0,Ouadi Faara,0,1,1,0,0,Hermel_District,0,Impact Open Data,0,1,0
0,0,7,1,0,0,Ouadi Khaled,5,1,0,1,0,Akkar_Governorate,7,Impact Open Data,1,0,1
0,0,4,1,0,0,Ouadi Nakhleh,5,1,1,1,0,"Tripoli_District,_Lebanon",0,Impact Open Data,1,0,0
0,1,4,1,0,0,Ouadi Qannoubine,0,1,0,0,0,Bsharri_District,1,Impact Open Data,1,0,1
1,0,7,1,0,0,Ouardaniyeh,2,1,0,1,0,Mount_Lebanon_Governorate,2,Impact Open Data,1,0,1
0,1,0,1,0,0,Ouarhaniyeh,0,1,1,0,0,Mount_Lebanon_Governorate,0,Impact Open Data,0,1,0
0,0,0,0,0,0,Ouata El-Jaouz,0,0,0,0,0,Keserwan_District,0,Impact Open Data,0,0,0
1,0,7,0,1,0,Qaa Baalbek,4,1,0,1,0,Baalbek-Hermel_Governorate,6,Impact Open Data,1,0,1
0,1,6,1,0,1,Qaa Er-Rim,0,0,0,0,1,ZahlÃ©_District,5,Impact Open Data,0,1,1
0,0,6,1,0,0,Qaaqaaiyet Ej-Jisr,10,1,0,1,0,Nabatieh_Governorate,4,Impact Open Data,0,1,1
0,0,0,0,0,0,Qaaqaiyet Es-Snaoubar,0,0,0,0,0,Sidon_District,0,Impact Open Data,0,0,0
0,1,0,1,0,0,Qaaqour,0,1,1,0,0,Matn_District,0,Impact Open Data,0,1,0
0,0,6,1,0,0,Qabaait,3,1,0,1,0,Akkar_Governorate,5,Impact Open Data,0,1,1
1,0,10,0,1,1,Qabb Elias,6,0,0,1,1,ZahlÃ©_District,12,Impact Open Data,1,0,1
0,0,0,0,0,0,Qabrikha,0,0,0,0,0,Marjeyoun_District,0,Impact Open Data,0,0,0
0,0,3,1,0,0,Qachlaq,2,1,1,1,0,Akkar_Governorate,0,Impact Open Data,0,1,0
0,0,6,0,1,0,Qahmez,2,1,0,1,0,Byblos_District,5,Impact Open Data,0,1,1
0,1,0,1,0,0,Qalaa,0,1,1,0,0,Baabda_District,0,Impact Open Data,0,1,0
1,0,9,1,0,1,Qalamoun,8,0,0,1,1,"Tripoli_District,_Lebanon",5,Impact Open Data,0,1,1
0,1,0,0,0,0,Qalaouiyeh,0,1,1,0,0,Bint_Jbeil_District,0,Impact Open Data,0,1,0
0,1,3,1,0,0,Qalhat,0,1,0,0,0,North_Governorate,1,Impact Open Data,0,1,1
0,1,0,0,1,0,Qannebet Salima,0,1,1,0,0,Matn_District,0,Impact Open Data,0,1,0
1,1,0,1,0,0,Qantara,0,1,1,0,0,Marjeyoun_District,0,Impact Open Data,0,1,0
0,0,0,0,0,0,Qantarat Aakkar,0,0,0,0,0,Akkar_Governorate,0,Impact Open Data,0,0,0
0,0,6,1,0,0,Qanya,6,1,0,1,0,Akkar_Governorate,1,Impact Open Data,0,1,1
0,1,1,1,0,0,Qaouzah,0,1,1,0,0,Bint_Jbeil_District,0,Impact Open Data,1,0,0
1,0,9,0,1,0,Qaraaoun,2,0,0,1,1,Western_Beqaa_District,3,Impact Open Data,0,1,1
0,1,0,1,0,0,Qarah Bach,0,1,1,0,0,Zgharta_District,0,Impact Open Data,0,1,0
0,0,0,0,0,0,Qardaf,0,0,0,0,0,Akkar_Governorate,0,Impact Open Data,0,0,0
0,1,0,1,0,0,Qarha,0,1,1,0,0,Akkar_Governorate,0,Impact Open Data,0,1,0
0,0,0,1,0,0,Qarha Baalbek,0,0,0,0,0,Baalbek-Hermel_Governorate,0,Impact Open Data,0,0,0
0,1,3,0,1,0,Qarhaiya,0,1,0,0,0,MiniyehâDanniyeh_District,1,Impact Open Data,0,1,1
0,0,3,1,0,0,Qarsaita,1,1,1,1,0,MiniyehâDanniyeh_District,0,Impact Open Data,0,1,0
1,0,9,1,0,2,Qartaba,2,0,0,1,1,Byblos_District,2,Impact Open Data,0,1,1
0,0,6,1,0,0,Qaser,3,1,0,1,0,Hermel_District,3,Impact Open Data,0,1,1
0,0,3,1,0,0,Qatrani,2,1,1,1,0,South_Governorate,0,Impact Open Data,0,1,0
0,1,3,1,0,0,Qattineh-Miniyeh,0,1,0,0,0,MiniyehâDanniyeh_District,1,Impact Open Data,0,1,1
0,1,0,0,1,0,Qaynour,0,1,1,0,0,Bsharri_District,0,Impact Open Data,0,1,0
1,1,0,1,0,0,Qaytouleh,0,1,1,0,0,South_Governorate,0,Impact Open Data,0,1,0
0,0,7,0,1,0,Qbaiyat Aakkar,15,1,0,1,0,Akkar_Governorate,3,Impact Open Data,1,0,1
0,0,6,1,0,0,Qelaya,2,1,0,1,0,Western_Beqaa_District,4,Impact Open Data,0,1,1
0,1,0,1,0,0,Qennabet Broummana,0,1,1,0,0,Matn_District,0,Impact Open Data,0,1,0
0,0,6,1,0,0,Qennarit,2,1,0,1,0,Sidon_District,2,Impact Open Data,0,1,1
0,1,0,0,1,0,Qild Es Sabea,0,1,1,0,0,Baalbek-Hermel_Governorate,0,Impact Open Data,0,1,0
0,1,3,0,1,0,Qlaiaa,0,1,0,0,0,Marjeyoun_District,5,Impact Open Data,0,1,1
0,0,0,0,0,0,Qlaileh Harfoush,0,0,0,0,0,Baalbek-Hermel_Governorate,0,Impact Open Data,0,0,0
0,0,10,0,1,1,Qlaileh Sour,10,0,0,1,1,Tyre_District,10,Impact Open Data,1,0,1
0,1,0,1,0,0,Qleiaat Aakkar,0,1,1,0,0,Akkar_Governorate,0,Impact Open Data,0,1,0
0,0,6,1,0,0,Qleiaat Kesrouane,3,1,0,1,0,Keserwan_District,14,Impact Open Data,0,1,1
0,1,0,1,0,0,Qloud El-Baqieh,0,1,1,0,0,Akkar_Governorate,0,Impact Open Data,0,1,0
0,0,6,1,0,0,Qmatiyeh,1,1,0,1,0,Aley_District,1,Impact Open Data,0,1,1
0,1,1,1,0,0,Qnat,0,1,1,0,0,Bsharri_District,0,Impact Open Data,1,0,0
1,1,3,1,0,0,Qobbayaa,0,1,0,0,0,Baabda_District,2,Impact Open Data,0,1,1
1,0,6,0,1,0,Qornayel,3,1,0,1,0,Baabda_District,1,Impact Open Data,0,1,1
0,0,3,1,0,0,Qornet Aakkar,6,1,1,1,0,Akkar_Governorate,0,Impact Open Data,0,1,0
0,1,0,1,0,0,Qornet El-Hamra,0,1,1,0,0,Matn_District,0,Impact Open Data,0,1,0
0,0,3,1,0,0,Qortada,2,1,1,1,0,Baabda_District,0,Impact Open Data,0,1,0
0,1,0,1,0,0,Qoubber Chamra,0,1,1,0,0,Akkar_Governorate,0,Impact Open Data,0,1,0
0,1,0,1,0,0,Qounaitra,0,1,1,0,0,Sidon_District,0,Impact Open Data,0,1,0
0,1,3,1,0,0,Qoussaya,0,1,0,0,0,ZahlÃ©_District,1,Impact Open Data,0,1,1
0,1,0,0,1,0,Qraine,0,1,1,0,0,MiniyehâDanniyeh_District,0,Impact Open Data,0,1,0
0,1,0,1,0,0,Qraiyat,0,1,1,0,0,Akkar_Governorate,0,Impact Open Data,0,1,0
0,0,9,1,0,1,Qraiyeh,1,0,0,1,1,Baabda_District,1,Impact Open Data,0,1,1
0,0,9,1,0,1,Qraiyet Jlayse,1,0,0,1,1,Byblos_District,2,Impact Open Data,0,1,1
1,0,7,0,1,0,Qraiyet Saida,0,1,0,1,0,Sidon_District,0,Impact Open Data,1,0,1
0,1,0,0,1,0,Qsaibet En-Nabatiyeh,0,1,1,0,0,Nabatieh_Governorate,0,Impact Open Data,0,1,0
0,0,6,1,0,0,Qsarnaba,1,1,0,1,0,Baalbek-Hermel_Governorate,1,Impact Open Data,0,1,1
0,1,3,1,0,0,Raachine,0,1,0,0,0,Keserwan_District,1,Impact Open Data,0,1,1
0,1,0,1,0,0,Raait,0,1,1,0,0,ZahlÃ©_District,0,Impact Open Data,0,1,0
0,1,0,1,0,0,Rabb Et-Tlatine,0,1,1,0,0,Marjeyoun_District,0,Impact Open Data,0,1,0
0,1,6,1,0,1,Rabieh,0,0,0,0,1,Matn_District,1,Impact Open Data,0,1,1
1,0,7,0,1,0,Rachaaine,3,1,0,1,0,Zgharta_District,6,Impact Open Data,1,0,1
0,1,0,1,0,0,Rachaf,0,1,1,0,0,Bint_Jbeil_District,0,Impact Open Data,0,1,0
0,0,4,0,1,0,Rachaiya El-Foukhar,1,1,1,1,0,Hasbaya_District,0,Impact Open Data,1,0,0
1,0,10,0,1,1,Rachaya El Wadi,7,0,0,1,1,Beqaa_Governorate,15,Impact Open Data,1,0,1
0,0,3,1,0,0,Rafid Rachaya,0,1,1,1,0,Beqaa_Governorate,0,Impact Open Data,0,1,0
0,0,6,1,0,0,Rahbeh,10,1,0,1,0,Akkar_Governorate,2,Impact Open Data,0,1,1
0,1,0,1,0,0,Ram,0,1,1,0,0,Baalbek-Hermel_Governorate,0,Impact Open Data,0,1,0
0,0,0,1,0,0,Ramlieh,0,0,0,0,0,Aley_District,0,Impact Open Data,0,0,0
0,1,1,1,0,0,Ramyet Bent Jbeil,0,1,1,0,0,Bint_Jbeil_District,0,Impact Open Data,1,0,0
0,0,9,0,1,3,Ras Baalbek Ech-Charqi,1,0,0,1,1,Baalbek-Hermel_Governorate,2,Impact Open Data,0,1,1
0,0,0,0,0,0,Ras El Matn,0,0,0,0,0,Baabda_District,0,Impact Open Data,0,0,0
0,0,3,1,0,0,Ras El-Href,2,1,1,1,0,Baabda_District,0,Impact Open Data,0,1,0
0,1,0,1,0,0,Ras Kifa,0,1,1,0,0,Zgharta_District,0,Impact Open Data,0,1,0
0,0,9,0,1,5,Ras Masqa,10,0,0,1,1,North_Governorate,30,Impact Open Data,0,1,1
0,1,0,1,0,0,Rasha,0,1,1,0,0,Batroun_District,0,Impact Open Data,0,1,0
0,1,4,0,1,0,Rashana,0,1,0,0,0,Batroun_District,1,Impact Open Data,1,0,1
0,1,0,1,0,0,Rawda Bekaa,0,1,1,0,0,Western_Beqaa_District,0,Impact Open Data,0,1,0
0,1,1,1,0,0,Rawda Village,0,1,1,0,0,MiniyehâDanniyeh_District,0,Impact Open Data,1,0,0
0,0,9,0,1,3,Rayfoun,20,0,0,1,1,Keserwan_District,20,Impact Open Data,0,1,1
0,1,3,1,0,0,Rechdibbine,0,1,0,0,0,North_Governorate,1,Impact Open Data,0,1,1
0,1,3,1,0,0,Richmaiya,0,1,0,0,0,Aley_District,7,Impact Open Data,0,1,1
0,0,10,-1,1,2,Rihan Jezzine,3,0,0,1,1,South_Governorate,5,Impact Open Data,1,0,1
0,1,3,1,0,1,Rihana,0,0,1,0,1,Byblos_District,0,Impact Open Data,0,1,0
0,1,3,1,0,0,Rihaniyet Aakkar,0,1,0,0,0,Akkar_Governorate,1,Impact Open Data,0,1,1
0,0,6,0,1,0,Rihaniyet Minie,3,1,0,1,0,MiniyehâDanniyeh_District,7,Impact Open Data,0,1,1
0,1,0,1,0,0,Rijmeh,0,1,1,0,0,Aley_District,0,Impact Open Data,0,1,0
0,1,4,1,0,0,Rimat,0,1,0,0,0,South_Governorate,2,Impact Open Data,1,0,1
1,1,1,0,1,0,Rimhala,0,0,0,0,0,Aley_District,0,Impact Open Data,1,0,0
0,0,3,1,0,0,Rmadiyeh,4,1,1,1,0,Tyre_District,0,Impact Open Data,0,1,0
0,0,0,0,0,0,Rmaich,0,0,0,0,0,Bint_Jbeil_District,0,Impact Open Data,0,0,0
0,1,6,0,1,2,Rmeilet Ech-Chouf,0,0,0,0,1,Mount_Lebanon_Governorate,5,Impact Open Data,0,1,1
1,1,1,0,1,0,Rouayssrt El-Ballout,0,1,1,0,0,Baabda_District,0,Impact Open Data,1,0,0
0,0,6,0,1,0,Roum,4,1,0,1,0,South_Governorate,2,Impact Open Data,0,1,1
0,1,3,1,0,0,Roumieh,0,1,0,0,0,Matn_District,2,Impact Open Data,0,1,1
1,0,6,0,1,0,Roumine,3,1,0,1,0,Nabatieh_Governorate,3,Impact Open Data,0,1,1
0,1,0,1,0,0,Saadine,0,1,1,0,0,Akkar_Governorate,0,Impact Open Data,0,1,0
0,0,3,1,0,0,Saadnayel,6,1,1,1,0,ZahlÃ©_District,0,Impact Open Data,0,1,0
0,0,0,0,0,0,Saaideh,0,0,0,0,0,Baalbek-Hermel_Governorate,0,Impact Open Data,0,0,0
0,1,0,1,0,0,Sabbah,0,1,1,0,0,South_Governorate,0,Impact Open Data,0,1,0
0,0,6,0,1,0,Sadiqine,10,1,0,1,0,Tyre_District,4,Impact Open Data,0,1,1
0,0,0,0,0,0,Safad Al-Battikh,0,0,0,0,0,Bint_Jbeil_District,0,Impact Open Data,0,0,0
0,1,6,1,0,4,Safra Kesrouane,0,0,0,0,1,Keserwan_District,4,Impact Open Data,0,1,1
0,0,9,0,1,2,Saghbine,2,0,0,1,1,Western_Beqaa_District,4,Impact Open Data,0,1,1
0,1,0,1,0,0,Sahle,0,1,1,0,0,Akkar_Governorate,0,Impact Open Data,0,1,0
1,0,9,0,1,2,Saida,15,0,0,1,1,Sidon_District,30,Impact Open Data,0,1,1
0,0,6,1,0,0,Saksakiyeh,5,1,0,1,0,Sidon_District,3,Impact Open Data,0,1,1
0,0,7,1,0,0,Salhiyet Saida,4,1,0,1,0,Sidon_District,10,Impact Open Data,1,0,1
0,0,6,0,1,0,Salima Baabda,2,1,0,1,0,Baabda_District,2,Impact Open Data,0,1,1
0,1,0,1,0,0,Sammaqiyeh,0,1,1,0,0,Akkar_Governorate,0,Impact Open Data,0,1,0
0,0,0,0,0,0,Sanaya,0,0,0,0,0,South_Governorate,0,Impact Open Data,0,0,0
0,0,3,1,0,0,Saouanet Marjayoun,2,1,1,1,0,Marjeyoun_District,0,Impact Open Data,0,1,0
0,0,0,0,0,0,Saoufar,0,0,0,0,0,Aley_District,0,Impact Open Data,0,0,0
0,0,0,0,0,0,Sarafand,0,0,0,0,0,Sidon_District,0,Impact Open Data,0,0,0
0,0,6,1,0,0,Sarba En-Nabatieh,1,1,0,1,0,Nabatieh_Governorate,1,Impact Open Data,0,1,1
0,1,0,1,0,0,Sariita,0,1,1,0,0,Byblos_District,0,Impact Open Data,0,1,0
0,0,6,0,1,0,Sarin Fawqa,10,1,0,1,0,Baalbek-Hermel_Governorate,5,Impact Open Data,0,1,1
0,1,0,1,0,0,Sayssouq,0,1,1,0,0,Akkar_Governorate,0,Impact Open Data,0,1,0
0,1,1,0,1,0,Sebaal Zgharta,0,1,1,0,0,Zgharta_District,0,Impact Open Data,1,0,0
0,1,0,1,1,0,Sehjoud,0,1,1,0,0,Hermel_District,0,Impact Open Data,0,1,0
0,1,0,1,0,0,Selaa,0,1,1,0,0,Tyre_District,0,Impact Open Data,0,1,0
0,1,0,0,1,0,Selaata,0,1,1,0,0,Batroun_District,0,Impact Open Data,0,1,0
0,0,6,1,0,0,Selfaya,1,1,0,1,0,Aley_District,1,Impact Open Data,0,1,1
0,0,0,0,0,0,Semqaniyeh,0,0,0,0,0,Mount_Lebanon_Governorate,0,Impact Open Data,0,0,0
0,1,4,0,1,1,Seraal,0,0,1,0,1,Zgharta_District,0,Impact Open Data,1,0,0
0,1,0,1,0,0,Serraaine Et-Tahta,0,1,1,0,0,Baalbek-Hermel_Governorate,0,Impact Open Data,0,1,0
0,0,9,1,0,1,Sfaray,1,0,0,1,1,South_Governorate,1,Impact Open Data,0,1,1
0,1,0,0,1,0,Sfaynet El-Qaitaa,0,1,1,0,0,Akkar_Governorate,0,Impact Open Data,0,1,0
0,1,3,1,0,0,Sfinet Ed-Draib,0,1,0,0,0,Akkar_Governorate,1,Impact Open Data,0,1,1
0,0,3,1,0,0,Sfireh,7,1,1,1,0,MiniyehâDanniyeh_District,0,Impact Open Data,0,1,0
0,0,9,0,1,5,Shawagheer El-Faouqa,15,0,0,1,1,Hermel_District,34,Impact Open Data,0,1,1
0,1,0,1,0,0,Shayleh Kesrouane,0,1,1,0,0,Keserwan_District,0,Impact Open Data,0,1,0
0,0,6,1,0,0,Sibline,3,1,0,1,0,Mount_Lebanon_Governorate,3,Impact Open Data,0,1,1
0,0,6,0,1,0,Sindianet Zeidane,16,1,0,1,0,Akkar_Governorate,8,Impact Open Data,0,1,1
0,0,0,1,0,0,Sini,0,0,0,0,0,Nabatieh_Governorate,0,Impact Open Data,0,0,0
0,0,9,1,0,3,Sinn El-Fil,25,0,0,1,1,Matn_District,25,Impact Open Data,0,1,1
0,0,0,0,0,0,Sir Ed-Danniyeh,0,0,0,0,0,MiniyehâDanniyeh_District,0,Impact Open Data,0,0,0
0,0,6,1,0,0,Sir El-Gharbiyeh,3,1,0,1,0,Nabatieh_Governorate,2,Impact Open Data,0,1,1
0,1,1,0,1,0,Sirhmoul,0,1,1,0,0,Aley_District,0,Impact Open Data,1,0,0
0,0,0,1,0,0,Sirjbal,0,0,0,0,0,Mount_Lebanon_Governorate,0,Impact Open Data,0,0,0
1,0,10,1,0,1,Sohmor,3,0,0,1,1,Western_Beqaa_District,7,Impact Open Data,1,0,1
0,1,3,1,0,0,Soltan Yacoub el Aradi,0,1,0,0,0,Western_Beqaa_District,1,Impact Open Data,0,1,1
0,1,0,1,0,0,Souairi,0,1,1,0,0,Western_Beqaa_District,0,Impact Open Data,0,1,0
0,0,6,0,1,0,Souaisset Aakkar,2,1,0,1,0,Akkar_Governorate,1,Impact Open Data,0,1,1
0,1,0,1,0,0,Soufaileh,0,1,1,0,0,Matn_District,0,Impact Open Data,0,1,0
0,0,6,1,0,0,Soultaniyet Bent Jbeil,1,1,0,1,0,Bint_Jbeil_District,2,Impact Open Data,0,1,1
0,0,0,0,0,0,Souq El-Gharb,0,0,0,0,0,Aley_District,0,Impact Open Data,0,0,0
1,0,10,0,0,0,Sour,0,0,0,1,1,Tyre_District,0,Impact Open Data,1,0,1
0,1,0,1,0,0,Srar,0,1,1,0,0,Akkar_Governorate,0,Impact Open Data,0,1,0
0,1,0,1,0,0,Srayri,0,1,1,0,0,South_Governorate,0,Impact Open Data,0,1,0
0,1,3,1,0,0,Srifa,0,1,0,0,0,Tyre_District,4,Impact Open Data,0,1,1
0,0,0,0,0,0,Srobbine,0,0,0,0,0,Bint_Jbeil_District,0,Impact Open Data,0,0,0
0,1,0,0,1,0,Taaid,0,1,1,0,0,South_Governorate,0,Impact Open Data,0,1,0
0,1,3,1,0,0,Taalbaya,0,1,0,0,0,ZahlÃ©_District,4,Impact Open Data,0,1,1
0,1,0,1,0,0,Taazaniyeh,0,1,1,0,0,Aley_District,0,Impact Open Data,0,1,0
0,0,0,0,0,0,Tabarja,0,0,0,0,0,Keserwan_District,0,Impact Open Data,0,0,0
0,0,0,0,0,0,Tahouitat El Ghadir,0,0,0,0,0,Baabda_District,0,Impact Open Data,0,0,0
0,0,3,0,1,0,Taibet Baalbek,2,1,1,1,0,Baalbek-Hermel_Governorate,0,Impact Open Data,0,1,0
0,1,0,1,0,0,Tal Aabbas,0,1,1,0,0,Akkar_Governorate,0,Impact Open Data,0,1,0
0,1,0,1,0,0,Talia,0,1,1,0,0,Baalbek-Hermel_Governorate,0,Impact Open Data,0,1,0
0,0,6,1,0,0,Tall Aabbas Ech-Charqi,2,1,0,1,0,Akkar_Governorate,3,Impact Open Data,0,1,1
0,1,0,1,0,0,Tall Bireh,0,1,1,0,0,Akkar_Governorate,0,Impact Open Data,0,1,0
0,1,0,1,0,0,Tall Hmayra,0,1,1,0,0,Akkar_Governorate,0,Impact Open Data,0,1,0
0,0,4,1,0,0,Tall Meaayan Tall Kiri,4,1,1,1,0,Akkar_Governorate,0,Impact Open Data,1,0,0
0,1,0,1,0,0,Tall Znoub,0,1,1,0,0,Western_Beqaa_District,0,Impact Open Data,0,1,0
0,1,0,1,0,0,Tallet Chattaha,0,1,1,0,0,Akkar_Governorate,0,Impact Open Data,0,1,0
0,1,0,0,0,0,Talloussa,0,1,1,0,0,Marjeyoun_District,0,Impact Open Data,0,1,0
0,1,6,0,1,1,Tanbourit,0,0,0,0,1,Sidon_District,3,Impact Open Data,0,1,1
0,1,3,1,0,0,Tannoura,0,1,0,0,0,Beqaa_Governorate,3,Impact Open Data,0,1,1
1,1,7,0,1,2,Tannourine El-Faouqa,0,0,0,0,1,Batroun_District,30,Impact Open Data,1,0,1
0,0,3,1,0,0,Taraiya,2,1,1,1,0,Baalbek-Hermel_Governorate,0,Impact Open Data,0,1,0
0,0,7,0,1,0,Tarchich,2,1,0,1,0,Baabda_District,2,Impact Open Data,1,0,1
1,0,6,0,1,0,Tartij,1,1,0,1,0,Byblos_District,1,Impact Open Data,0,1,1
0,1,3,1,0,0,Tawfiqiya,0,1,0,0,0,Baalbek-Hermel_Governorate,2,Impact Open Data,0,1,1
0,0,0,0,0,0,Taybet Matjaayoun,0,0,0,0,0,Marjeyoun_District,0,Impact Open Data,0,0,0
1,0,7,0,1,0,Tayr Debbeh,20,1,0,1,0,Tyre_District,1,Impact Open Data,1,0,1
0,0,3,0,0,0,Tayr Falsay,3,1,1,1,0,Tyre_District,0,Impact Open Data,0,1,0
0,0,0,0,0,0,Tayr Harfa,0,0,0,0,0,Tyre_District,0,Impact Open Data,0,0,0
0,0,6,1,0,0,Teffahta,4,1,0,1,0,Sidon_District,1,Impact Open Data,0,1,1
0,1,3,1,0,0,Temnine El-Faouqa,0,1,0,0,0,Baalbek-Hermel_Governorate,3,Impact Open Data,0,1,1
1,1,6,0,1,1,Temnine Et-Tahta,0,0,0,0,1,Baalbek-Hermel_Governorate,3,Impact Open Data,0,1,1
0,0,6,1,0,0,Terbol Zahleh,1,1,0,1,0,ZahlÃ©_District,2,Impact Open Data,0,1,1
1,1,7,1,0,1,Thoum,0,0,0,0,1,Batroun_District,5,Impact Open Data,1,0,1
0,1,3,1,0,0,Tibnine,0,1,0,0,0,Bint_Jbeil_District,3,Impact Open Data,0,1,1
0,0,6,1,0,0,Tikrit,12,1,0,1,0,Akkar_Governorate,4,Impact Open Data,0,1,1
0,0,0,0,0,0,Tiri,0,0,0,0,0,Bint_Jbeil_District,0,Impact Open Data,0,0,0
0,0,6,1,0,0,Tleil,2,1,0,1,0,Akkar_Governorate,2,Impact Open Data,0,1,1
1,0,6,1,0,0,Torbol Menie,1,1,0,1,0,MiniyehâDanniyeh_District,5,Impact Open Data,0,1,1
0,0,4,1,0,0,Toula,2,1,1,1,0,Zgharta_District,0,Impact Open Data,1,0,0
0,1,0,1,0,0,Toula El-Batroun,0,1,1,0,0,Batroun_District,0,Impact Open Data,0,1,0
0,0,9,1,0,1,Touline,1,0,0,1,1,Marjeyoun_District,1,Impact Open Data,0,1,1
0,0,3,1,0,0,Toura,5,1,1,1,0,Tyre_District,0,Impact Open Data,0,1,0
0,0,6,1,0,0,Trablous ,0,1,0,1,0,"Tripoli_District,_Lebanon",0,Impact Open Data,0,1,1
0,1,0,0,1,0,Tshea,0,1,1,0,0,Akkar_Governorate,0,Impact Open Data,0,1,0
0,0,10,0,1,1,Vidar,3,0,0,1,1,Byblos_District,2,Impact Open Data,1,0,1
0,1,0,1,0,0,Wadi Jezzine,0,1,1,0,0,South_Governorate,0,Impact Open Data,0,1,0
0,0,10,1,0,1,Yammouneh,5,0,0,1,1,Baalbek-Hermel_Governorate,10,Impact Open Data,1,0,1
0,0,3,0,0,0,Yanouh Sour,1,1,1,1,0,Tyre_District,0,Impact Open Data,0,1,0
1,0,6,1,0,0,Yanta,2,1,0,1,0,Beqaa_Governorate,1,Impact Open Data,0,1,1
0,0,3,0,1,0,Yaroun,1,1,1,1,0,Bint_Jbeil_District,0,Impact Open Data,0,1,0
0,0,6,1,0,0,Yater,3,1,0,1,0,Bint_Jbeil_District,2,Impact Open Data,0,1,1
0,0,6,0,1,0,Yohmor En-Nabatiyeh,4,1,0,1,0,Nabatieh_Governorate,1,Impact Open Data,0,1,1
0,0,6,0,1,0,Yohmor West Bekaa,3,1,0,1,0,Western_Beqaa_District,5,Impact Open Data,0,1,1
0,0,0,0,0,0,Younine,0,0,0,0,0,Baalbek-Hermel_Governorate,0,Impact Open Data,0,0,0
0,1,0,1,0,0,Zaaitreh,0,1,1,0,0,Keserwan_District,0,Impact Open Data,0,1,0
0,1,0,1,0,0,Zaarouriyeh,0,1,1,0,0,Mount_Lebanon_Governorate,0,Impact Open Data,0,1,0
0,1,0,1,0,0,Zabboud,0,1,1,0,0,Baalbek-Hermel_Governorate,0,Impact Open Data,0,1,0
0,1,0,1,0,0,Zabbougha,0,1,1,0,0,Matn_District,0,Impact Open Data,0,1,0
0,1,0,1,0,0,Zaghartaghrine,0,1,1,0,0,MiniyehâDanniyeh_District,0,Impact Open Data,0,1,0
1,0,10,1,0,5,Zahleh El-Maallaqa,20,0,0,1,1,ZahlÃ©_District,80,Impact Open Data,1,0,1
0,0,0,0,0,0,Zahra,0,0,0,0,0,Baalbek-Hermel_Governorate,0,Impact Open Data,0,0,0
0,0,3,0,1,0,Zaitoun,1,1,1,1,0,Keserwan_District,0,Impact Open Data,0,1,0
0,1,3,1,0,0,Zakrit,0,1,0,0,0,Matn_District,1,Impact Open Data,0,1,1
0,1,0,1,0,0,Zakroun,0,1,1,0,0,North_Governorate,0,Impact Open Data,0,1,0
0,0,9,1,0,2,Zalqa,5,0,0,1,1,Matn_District,5,Impact Open Data,0,1,1
0,1,3,0,1,0,Zandouqa,0,1,0,0,0,Baabda_District,1,Impact Open Data,0,1,1
0,0,0,1,0,0,Zaneh,0,0,0,0,0,Batroun_District,0,Impact Open Data,0,0,0
0,0,3,1,0,0,Zaoutar Ech-Charqiyeh,1,1,1,1,0,Nabatieh_Governorate,0,Impact Open Data,0,1,0
1,1,0,1,0,0,Zaoutar El-Gharbiyeh,0,1,1,0,0,Nabatieh_Governorate,0,Impact Open Data,0,1,0
0,0,0,0,0,0,Zaraaoun,0,0,0,0,0,Matn_District,0,Impact Open Data,0,0,0
0,0,3,0,1,0,Zebdine,1,1,1,1,0,Byblos_District,0,Impact Open Data,0,1,0
0,0,0,0,0,0,Zebqine,0,0,0,0,0,Tyre_District,0,Impact Open Data,0,0,0
0,1,7,1,0,1,Zefta,0,0,0,0,1,Nabatieh_Governorate,10,Impact Open Data,1,0,1
0,1,0,1,0,0,Zeita,0,1,1,0,0,Sidon_District,0,Impact Open Data,0,1,0
1,0,10,0,1,17,Zgharta-Ehden,16,0,0,1,1,Zgharta_District,71,Impact Open Data,1,0,1
0,1,0,1,0,0,Zhilta,0,1,1,0,0,South_Governorate,0,Impact Open Data,0,1,0
0,1,3,1,0,0,Zibdine En-Nabatiyeh,0,1,0,0,0,Nabatieh_Governorate,2,Impact Open Data,0,1,1
0,0,0,0,0,0,Zighrine,0,0,0,0,0,Matn_District,0,Impact Open Data,0,0,0
0,1,0,0,1,0,Zilaya,0,1,1,0,0,Western_Beqaa_District,0,Impact Open Data,0,1,0
0,0,3,1,0,0,Zouarib,2,1,1,1,0,Akkar_Governorate,0,Impact Open Data,0,1,0
0,0,9,0,1,5,Zouk El-Kharab,20,0,0,1,1,Matn_District,100,Impact Open Data,0,1,1
0,1,6,0,1,2,Zouk Mkayel,0,0,0,0,1,Keserwan_District,5,Impact Open Data,0,1,1
0,1,6,1,0,3,Zouk Mousbeh,0,0,0,0,1,Keserwan_District,10,Impact Open Data,0,1,1
0,0,3,1,0,0,Zouq El Hosniyeh,3,1,1,1,0,Akkar_Governorate,0,Impact Open Data,0,1,0
0,1,0,1,0,0,Zouq El-Hadara,0,1,1,0,0,Akkar_Governorate,0,Impact Open Data,0,1,0
0,1,0,1,0,0,Zouq El-Hbalsa,0,1,1,0,0,Akkar_Governorate,0,Impact Open Data,0,1,0
0,0,6,0,1,0,Zrariyeh,10,1,0,1,0,Sidon_District,5,Impact Open Data,0,1,1
1,1,0,1,0,0,Zrazeer,0,1,1,0,0,Baalbek-Hermel_Governorate,0,Impact Open Data,0,1,0
0,1,3,0,0,0,aain Aalaq,0,1,0,0,0,Matn_District,1,Impact Open Data,0,1,1
0,0,6,0,1,0,berqayel,10,1,0,1,0,Akkar_Governorate,4,Impact Open Data,0,1,1
0,0,4,1,0,0,ebra wChouane,2,1,1,1,0,Keserwan_District,0,Impact Open Data,1,0,0
0,1,3,1,0,0,hadtoun,0,1,0,0,0,Batroun_District,2,Impact Open Data,0,1,1
0,1,0,0,1,0,jouar Hasheesh,0,1,1,0,0,Hermel_District,0,Impact Open Data,0,1,0
0,0,7,1,0,0,mazboud,1,1,0,1,0,Mount_Lebanon_Governorate,3,Impact Open Data,1,0,1
0,0,9,0,1,1,shebaneye,3,0,0,1,1,Baabda_District,2,Impact Open Data,0,1,1
0,0,6,0,1,0,tarane,8,1,0,1,0,MiniyehâDanniyeh_District,4,Impact Open Data,0,1,1
0,0,0,0,0,0,yahchouch,0,0,0,0,0,Keserwan_District,0,Impact Open Data,0,0,0
